,report_date,health_district,age_group,number_of_cases,number_of_hospitalizations,number_of_deaths
0,2020-08-04T00:00:00.000,Alexandria,0-9,162,2,0
1,2020-08-04T00:00:00.000,Alexandria,10-19,211,5,0
2,2020-08-04T00:00:00.000,Alexandria,20-29,499,11,1
3,2020-08-04T00:00:00.000,Alexandria,30-39,661,33,0
4,2020-08-04T00:00:00.000,Alexandria,40-49,529,44,0
5,2020-08-04T00:00:00.000,Alexandria,50-59,357,54,11
6,2020-08-04T00:00:00.000,Alexandria,60-69,232,54,3
7,2020-08-04T00:00:00.000,Alexandria,70-79,108,41,18
8,2020-08-04T00:00:00.000,Alexandria,80+,97,29,27
9,2020-08-04T00:00:00.000,Alexandria,Missing,11,0,0
10,2020-08-04T00:00:00.000,Alleghany,0-9,22,0,0
11,2020-08-04T00:00:00.000,Alleghany,10-19,106,0,0
12,2020-08-04T00:00:00.000,Alleghany,20-29,162,1,0
13,2020-08-04T00:00:00.000,Alleghany,30-39,120,2,0
14,2020-08-04T00:00:00.000,Alleghany,40-49,126,2,0
15,2020-08-04T00:00:00.000,Alleghany,50-59,129,7,1
16,2020-08-04T00:00:00.000,Alleghany,60-69,82,8,1
17,2020-08-04T00:00:00.000,Alleghany,70-79,79,9,10
18,2020-08-04T00:00:00.000,Alleghany,80+,44,11,5
19,2020-08-04T00:00:00.000,Alleghany,Missing,2,0,0
20,2020-08-04T00:00:00.000,Arlington,0-9,66,2,0
21,2020-08-04T00:00:00.000,Arlington,10-19,150,5,0
22,2020-08-04T00:00:00.000,Arlington,20-29,596,22,0
23,2020-08-04T00:00:00.000,Arlington,30-39,552,43,0
24,2020-08-04T00:00:00.000,Arlington,40-49,482,53,8
25,2020-08-04T00:00:00.000,Arlington,50-59,421,70,6
26,2020-08-04T00:00:00.000,Arlington,60-69,308,82,19
27,2020-08-04T00:00:00.000,Arlington,70-79,180,73,33
28,2020-08-04T00:00:00.000,Arlington,80+,205,85,70
29,2020-08-04T00:00:00.000,Arlington,Missing,13,1,0
30,2020-08-04T00:00:00.000,Central Shenandoah,0-9,80,0,0
31,2020-08-04T00:00:00.000,Central Shenandoah,10-19,164,1,0
32,2020-08-04T00:00:00.000,Central Shenandoah,20-29,533,11,0
33,2020-08-04T00:00:00.000,Central Shenandoah,30-39,399,8,0
34,2020-08-04T00:00:00.000,Central Shenandoah,40-49,438,16,0
35,2020-08-04T00:00:00.000,Central Shenandoah,50-59,453,36,4
36,2020-08-04T00:00:00.000,Central Shenandoah,60-69,325,49,14
37,2020-08-04T00:00:00.000,Central Shenandoah,70-79,173,51,16
38,2020-08-04T00:00:00.000,Central Shenandoah,80+,143,35,20
39,2020-08-04T00:00:00.000,Central Shenandoah,Missing,1,0,0
40,2020-08-04T00:00:00.000,Central Virginia,0-9,32,0,0
41,2020-08-04T00:00:00.000,Central Virginia,10-19,131,2,0
42,2020-08-04T00:00:00.000,Central Virginia,20-29,270,3,0
43,2020-08-04T00:00:00.000,Central Virginia,30-39,164,8,0
44,2020-08-04T00:00:00.000,Central Virginia,40-49,159,3,0
45,2020-08-04T00:00:00.000,Central Virginia,50-59,174,6,4
46,2020-08-04T00:00:00.000,Central Virginia,60-69,108,15,2
47,2020-08-04T00:00:00.000,Central Virginia,70-79,67,11,3
48,2020-08-04T00:00:00.000,Central Virginia,80+,49,8,2
49,2020-08-04T00:00:00.000,Central Virginia,Missing,1,0,0
50,2020-08-04T00:00:00.000,Chesapeake,0-9,82,1,0
51,2020-08-04T00:00:00.000,Chesapeake,10-19,194,1,0
52,2020-08-04T00:00:00.000,Chesapeake,20-29,549,5,0
53,2020-08-04T00:00:00.000,Chesapeake,30-39,519,16,0
54,2020-08-04T00:00:00.000,Chesapeake,40-49,407,33,1
55,2020-08-04T00:00:00.000,Chesapeake,50-59,368,38,1
56,2020-08-04T00:00:00.000,Chesapeake,60-69,260,44,5
57,2020-08-04T00:00:00.000,Chesapeake,70-79,142,43,4
58,2020-08-04T00:00:00.000,Chesapeake,80+,123,35,19
59,2020-08-04T00:00:00.000,Chesapeake,Missing,45,1,0
60,2020-08-04T00:00:00.000,Chesterfield,0-9,171,2,0
61,2020-08-04T00:00:00.000,Chesterfield,10-19,422,1,0
62,2020-08-04T00:00:00.000,Chesterfield,20-29,813,12,0
63,2020-08-04T00:00:00.000,Chesterfield,30-39,881,17,1
64,2020-08-04T00:00:00.000,Chesterfield,40-49,767,32,3
65,2020-08-04T00:00:00.000,Chesterfield,50-59,592,54,5
66,2020-08-04T00:00:00.000,Chesterfield,60-69,375,63,19
67,2020-08-04T00:00:00.000,Chesterfield,70-79,165,34,24
68,2020-08-04T00:00:00.000,Chesterfield,80+,164,36,48
69,2020-08-04T00:00:00.000,Chesterfield,Missing,110,1,0
70,2020-08-04T00:00:00.000,Chickahominy,0-9,22,0,0
71,2020-08-04T00:00:00.000,Chickahominy,10-19,71,0,0
72,2020-08-04T00:00:00.000,Chickahominy,20-29,149,3,0
73,2020-08-04T00:00:00.000,Chickahominy,30-39,123,3,0
74,2020-08-04T00:00:00.000,Chickahominy,40-49,119,14,1
75,2020-08-04T00:00:00.000,Chickahominy,50-59,160,23,1
76,2020-08-04T00:00:00.000,Chickahominy,60-69,105,26,8
77,2020-08-04T00:00:00.000,Chickahominy,70-79,79,24,7
78,2020-08-04T00:00:00.000,Chickahominy,80+,86,37,27
79,2020-08-04T00:00:00.000,Chickahominy,Missing,15,0,0
80,2020-08-04T00:00:00.000,Crater,0-9,46,2,0
81,2020-08-04T00:00:00.000,Crater,10-19,98,1,0
82,2020-08-04T00:00:00.000,Crater,20-29,345,9,0
83,2020-08-04T00:00:00.000,Crater,30-39,386,9,0
84,2020-08-04T00:00:00.000,Crater,40-49,312,22,1
85,2020-08-04T00:00:00.000,Crater,50-59,367,36,4
86,2020-08-04T00:00:00.000,Crater,60-69,308,58,18
87,2020-08-04T00:00:00.000,Crater,70-79,187,43,21
88,2020-08-04T00:00:00.000,Crater,80+,146,33,21
89,2020-08-04T00:00:00.000,Crater,Missing,20,0,0
90,2020-08-04T00:00:00.000,Cumberland Plateau,0-9,10,0,0
91,2020-08-04T00:00:00.000,Cumberland Plateau,10-19,40,1,0
92,2020-08-04T00:00:00.000,Cumberland Plateau,20-29,41,0,0
93,2020-08-04T00:00:00.000,Cumberland Plateau,30-39,39,2,0
94,2020-08-04T00:00:00.000,Cumberland Plateau,40-49,37,2,0
95,2020-08-04T00:00:00.000,Cumberland Plateau,50-59,49,5,0
96,2020-08-04T00:00:00.000,Cumberland Plateau,60-69,28,5,0
97,2020-08-04T00:00:00.000,Cumberland Plateau,70-79,22,2,0
98,2020-08-04T00:00:00.000,Cumberland Plateau,80+,11,5,1
99,2020-08-04T00:00:00.000,Cumberland Plateau,Missing,0,0,0
100,2020-08-04T00:00:00.000,Eastern Shore,0-9,25,2,0
101,2020-08-04T00:00:00.000,Eastern Shore,10-19,67,1,0
102,2020-08-04T00:00:00.000,Eastern Shore,20-29,205,6,0
103,2020-08-04T00:00:00.000,Eastern Shore,30-39,245,11,0
104,2020-08-04T00:00:00.000,Eastern Shore,40-49,259,13,2
105,2020-08-04T00:00:00.000,Eastern Shore,50-59,282,21,5
106,2020-08-04T00:00:00.000,Eastern Shore,60-69,185,30,8
107,2020-08-04T00:00:00.000,Eastern Shore,70-79,53,19,10
108,2020-08-04T00:00:00.000,Eastern Shore,80+,50,23,19
109,2020-08-04T00:00:00.000,Eastern Shore,Missing,6,0,0
110,2020-08-04T00:00:00.000,Fairfax,0-9,561,21,0
111,2020-08-04T00:00:00.000,Fairfax,10-19,1079,33,0
112,2020-08-04T00:00:00.000,Fairfax,20-29,2691,96,3
113,2020-08-04T00:00:00.000,Fairfax,30-39,3092,207,6
114,2020-08-04T00:00:00.000,Fairfax,40-49,2916,301,10
115,2020-08-04T00:00:00.000,Fairfax,50-59,2495,339,34
116,2020-08-04T00:00:00.000,Fairfax,60-69,1565,352,65
117,2020-08-04T00:00:00.000,Fairfax,70-79,725,255,120
118,2020-08-04T00:00:00.000,Fairfax,80+,845,318,302
119,2020-08-04T00:00:00.000,Fairfax,Missing,158,5,0
120,2020-08-04T00:00:00.000,Hampton,0-9,27,0,0
121,2020-08-04T00:00:00.000,Hampton,10-19,65,0,0
122,2020-08-04T00:00:00.000,Hampton,20-29,289,3,0
123,2020-08-04T00:00:00.000,Hampton,30-39,204,3,0
124,2020-08-04T00:00:00.000,Hampton,40-49,165,6,0
125,2020-08-04T00:00:00.000,Hampton,50-59,146,11,1
126,2020-08-04T00:00:00.000,Hampton,60-69,103,11,3
127,2020-08-04T00:00:00.000,Hampton,70-79,57,12,2
128,2020-08-04T00:00:00.000,Hampton,80+,23,3,1
129,2020-08-04T00:00:00.000,Hampton,Missing,24,0,0
130,2020-08-04T00:00:00.000,Henrico,0-9,136,4,0
131,2020-08-04T00:00:00.000,Henrico,10-19,280,4,0
132,2020-08-04T00:00:00.000,Henrico,20-29,599,19,0
133,2020-08-04T00:00:00.000,Henrico,30-39,667,19,0
134,2020-08-04T00:00:00.000,Henrico,40-49,549,36,2
135,2020-08-04T00:00:00.000,Henrico,50-59,471,52,11
136,2020-08-04T00:00:00.000,Henrico,60-69,357,57,35
137,2020-08-04T00:00:00.000,Henrico,70-79,247,53,44
138,2020-08-04T00:00:00.000,Henrico,80+,344,76,89
139,2020-08-04T00:00:00.000,Henrico,Missing,40,1,1
140,2020-08-04T00:00:00.000,Lenowisco,0-9,14,0,0
141,2020-08-04T00:00:00.000,Lenowisco,10-19,26,0,0
142,2020-08-04T00:00:00.000,Lenowisco,20-29,37,0,0
143,2020-08-04T00:00:00.000,Lenowisco,30-39,42,1,1
144,2020-08-04T00:00:00.000,Lenowisco,40-49,33,4,0
145,2020-08-04T00:00:00.000,Lenowisco,50-59,48,6,1
146,2020-08-04T00:00:00.000,Lenowisco,60-69,43,7,2
147,2020-08-04T00:00:00.000,Lenowisco,70-79,25,10,3
148,2020-08-04T00:00:00.000,Lenowisco,80+,11,4,0
149,2020-08-04T00:00:00.000,Lenowisco,Missing,0,0,0
150,2020-08-04T00:00:00.000,Lord Fairfax,0-9,76,2,0
151,2020-08-04T00:00:00.000,Lord Fairfax,10-19,188,3,0
152,2020-08-04T00:00:00.000,Lord Fairfax,20-29,417,7,0
153,2020-08-04T00:00:00.000,Lord Fairfax,30-39,404,11,1
154,2020-08-04T00:00:00.000,Lord Fairfax,40-49,390,19,1
155,2020-08-04T00:00:00.000,Lord Fairfax,50-59,400,34,3
156,2020-08-04T00:00:00.000,Lord Fairfax,60-69,268,52,14
157,2020-08-04T00:00:00.000,Lord Fairfax,70-79,170,46,19
158,2020-08-04T00:00:00.000,Lord Fairfax,80+,190,43,47
159,2020-08-04T00:00:00.000,Lord Fairfax,Missing,2,0,0
160,2020-08-04T00:00:00.000,Loudoun,0-9,190,4,0
161,2020-08-04T00:00:00.000,Loudoun,10-19,706,1,0
162,2020-08-04T00:00:00.000,Loudoun,20-29,856,10,0
163,2020-08-04T00:00:00.000,Loudoun,30-39,869,31,0
164,2020-08-04T00:00:00.000,Loudoun,40-49,951,60,1
165,2020-08-04T00:00:00.000,Loudoun,50-59,777,68,4
166,2020-08-04T00:00:00.000,Loudoun,60-69,290,56,8
167,2020-08-04T00:00:00.000,Loudoun,70-79,168,53,19
168,2020-08-04T00:00:00.000,Loudoun,80+,221,56,80
169,2020-08-04T00:00:00.000,Loudoun,Missing,65,0,1
170,2020-08-04T00:00:00.000,Mount Rogers,0-9,54,1,0
171,2020-08-04T00:00:00.000,Mount Rogers,10-19,106,0,0
172,2020-08-04T00:00:00.000,Mount Rogers,20-29,203,0,0
173,2020-08-04T00:00:00.000,Mount Rogers,30-39,186,6,0
174,2020-08-04T00:00:00.000,Mount Rogers,40-49,184,5,2
175,2020-08-04T00:00:00.000,Mount Rogers,50-59,187,14,2
176,2020-08-04T00:00:00.000,Mount Rogers,60-69,157,22,2
177,2020-08-04T00:00:00.000,Mount Rogers,70-79,107,37,15
178,2020-08-04T00:00:00.000,Mount Rogers,80+,92,36,30
179,2020-08-04T00:00:00.000,Mount Rogers,Missing,0,0,0
180,2020-08-04T00:00:00.000,New River,0-9,13,0,0
181,2020-08-04T00:00:00.000,New River,10-19,53,0,0
182,2020-08-04T00:00:00.000,New River,20-29,131,0,0
183,2020-08-04T00:00:00.000,New River,30-39,57,2,0
184,2020-08-04T00:00:00.000,New River,40-49,61,3,0
185,2020-08-04T00:00:00.000,New River,50-59,62,5,0
186,2020-08-04T00:00:00.000,New River,60-69,35,6,0
187,2020-08-04T00:00:00.000,New River,70-79,32,10,4
188,2020-08-04T00:00:00.000,New River,80+,16,6,3
189,2020-08-04T00:00:00.000,New River,Missing,3,0,0
190,2020-08-04T00:00:00.000,Norfolk,0-9,117,2,0
191,2020-08-04T00:00:00.000,Norfolk,10-19,217,1,0
192,2020-08-04T00:00:00.000,Norfolk,20-29,1119,12,0
193,2020-08-04T00:00:00.000,Norfolk,30-39,623,19,1
194,2020-08-04T00:00:00.000,Norfolk,40-49,408,17,1
195,2020-08-04T00:00:00.000,Norfolk,50-59,370,31,4
196,2020-08-04T00:00:00.000,Norfolk,60-69,330,46,5
197,2020-08-04T00:00:00.000,Norfolk,70-79,127,34,7
198,2020-08-04T00:00:00.000,Norfolk,80+,74,15,8
199,2020-08-04T00:00:00.000,Norfolk,Missing,40,1,0
200,2020-08-04T00:00:00.000,Peninsula,0-9,100,0,0
201,2020-08-04T00:00:00.000,Peninsula,10-19,170,1,0
202,2020-08-04T00:00:00.000,Peninsula,20-29,738,1,0
203,2020-08-04T00:00:00.000,Peninsula,30-39,506,13,2
204,2020-08-04T00:00:00.000,Peninsula,40-49,403,15,1
205,2020-08-04T00:00:00.000,Peninsula,50-59,336,24,3
206,2020-08-04T00:00:00.000,Peninsula,60-69,248,36,4
207,2020-08-04T00:00:00.000,Peninsula,70-79,149,45,13
208,2020-08-04T00:00:00.000,Peninsula,80+,91,30,20
209,2020-08-04T00:00:00.000,Peninsula,Missing,35,0,0
210,2020-08-04T00:00:00.000,Piedmont,0-9,28,0,0
211,2020-08-04T00:00:00.000,Piedmont,10-19,45,0,0
212,2020-08-04T00:00:00.000,Piedmont,20-29,237,2,0
213,2020-08-04T00:00:00.000,Piedmont,30-39,277,5,0
214,2020-08-04T00:00:00.000,Piedmont,40-49,242,12,0
215,2020-08-04T00:00:00.000,Piedmont,50-59,232,25,3
216,2020-08-04T00:00:00.000,Piedmont,60-69,169,23,3
217,2020-08-04T00:00:00.000,Piedmont,70-79,89,27,6
218,2020-08-04T00:00:00.000,Piedmont,80+,61,23,17
219,2020-08-04T00:00:00.000,Piedmont,Missing,1,0,0
220,2020-08-04T00:00:00.000,Pittsylvania-Danville,0-9,22,0,0
221,2020-08-04T00:00:00.000,Pittsylvania-Danville,10-19,47,0,0
222,2020-08-04T00:00:00.000,Pittsylvania-Danville,20-29,93,0,0
223,2020-08-04T00:00:00.000,Pittsylvania-Danville,30-39,107,1,0
224,2020-08-04T00:00:00.000,Pittsylvania-Danville,40-49,133,8,1
225,2020-08-04T00:00:00.000,Pittsylvania-Danville,50-59,131,20,0
226,2020-08-04T00:00:00.000,Pittsylvania-Danville,60-69,97,13,2
227,2020-08-04T00:00:00.000,Pittsylvania-Danville,70-79,43,14,1
228,2020-08-04T00:00:00.000,Pittsylvania-Danville,80+,54,10,5
229,2020-08-04T00:00:00.000,Pittsylvania-Danville,Missing,0,0,0
230,2020-08-04T00:00:00.000,Portsmouth,0-9,46,3,0
231,2020-08-04T00:00:00.000,Portsmouth,10-19,138,0,0
232,2020-08-04T00:00:00.000,Portsmouth,20-29,362,12,0
233,2020-08-04T00:00:00.000,Portsmouth,30-39,309,13,1
234,2020-08-04T00:00:00.000,Portsmouth,40-49,248,15,1
235,2020-08-04T00:00:00.000,Portsmouth,50-59,216,29,2
236,2020-08-04T00:00:00.000,Portsmouth,60-69,172,26,7
237,2020-08-04T00:00:00.000,Portsmouth,70-79,82,22,7
238,2020-08-04T00:00:00.000,Portsmouth,80+,37,9,6
239,2020-08-04T00:00:00.000,Portsmouth,Missing,21,0,0
240,2020-08-04T00:00:00.000,Prince William,0-9,447,11,0
241,2020-08-04T00:00:00.000,Prince William,10-19,972,8,0
242,2020-08-04T00:00:00.000,Prince William,20-29,2039,59,0
243,2020-08-04T00:00:00.000,Prince William,30-39,2088,103,2
244,2020-08-04T00:00:00.000,Prince William,40-49,2269,177,8
245,2020-08-04T00:00:00.000,Prince William,50-59,1694,210,16
246,2020-08-04T00:00:00.000,Prince William,60-69,899,185,48
247,2020-08-04T00:00:00.000,Prince William,70-79,358,111,50
248,2020-08-04T00:00:00.000,Prince William,80+,261,89,76
249,2020-08-04T00:00:00.000,Prince William,Missing,178,3,0
250,2020-08-04T00:00:00.000,Rappahannock,0-9,146,2,0
251,2020-08-04T00:00:00.000,Rappahannock,10-19,343,3,0
252,2020-08-04T00:00:00.000,Rappahannock,20-29,615,14,0
253,2020-08-04T00:00:00.000,Rappahannock,30-39,617,26,0
254,2020-08-04T00:00:00.000,Rappahannock,40-49,582,48,2
255,2020-08-04T00:00:00.000,Rappahannock,50-59,513,59,4
256,2020-08-04T00:00:00.000,Rappahannock,60-69,264,54,8
257,2020-08-04T00:00:00.000,Rappahannock,70-79,134,43,16
258,2020-08-04T00:00:00.000,Rappahannock,80+,116,44,22
259,2020-08-04T00:00:00.000,Rappahannock,Missing,26,0,0
260,2020-08-04T00:00:00.000,Rappahannock Rapidan,0-9,95,1,0
261,2020-08-04T00:00:00.000,Rappahannock Rapidan,10-19,167,3,0
262,2020-08-04T00:00:00.000,Rappahannock Rapidan,20-29,355,6,0
263,2020-08-04T00:00:00.000,Rappahannock Rapidan,30-39,367,19,1
264,2020-08-04T00:00:00.000,Rappahannock Rapidan,40-49,347,21,2
265,2020-08-04T00:00:00.000,Rappahannock Rapidan,50-59,283,32,2
266,2020-08-04T00:00:00.000,Rappahannock Rapidan,60-69,154,21,4
267,2020-08-04T00:00:00.000,Rappahannock Rapidan,70-79,48,13,8
268,2020-08-04T00:00:00.000,Rappahannock Rapidan,80+,35,17,9
269,2020-08-04T00:00:00.000,Rappahannock Rapidan,Missing,12,0,0
270,2020-08-04T00:00:00.000,Richmond,0-9,123,6,0
271,2020-08-04T00:00:00.000,Richmond,10-19,245,2,0
272,2020-08-04T00:00:00.000,Richmond,20-29,744,19,0
273,2020-08-04T00:00:00.000,Richmond,30-39,643,34,1
274,2020-08-04T00:00:00.000,Richmond,40-49,475,37,4
275,2020-08-04T00:00:00.000,Richmond,50-59,354,58,1
276,2020-08-04T00:00:00.000,Richmond,60-69,256,59,7
277,2020-08-04T00:00:00.000,Richmond,70-79,106,45,17
278,2020-08-04T00:00:00.000,Richmond,80+,46,22,9
279,2020-08-04T00:00:00.000,Richmond,Missing,23,0,0
280,2020-08-04T00:00:00.000,Roanoke,0-9,34,0,0
281,2020-08-04T00:00:00.000,Roanoke,10-19,102,0,0
282,2020-08-04T00:00:00.000,Roanoke,20-29,204,4,0
283,2020-08-04T00:00:00.000,Roanoke,30-39,209,3,0
284,2020-08-04T00:00:00.000,Roanoke,40-49,126,2,0
285,2020-08-04T00:00:00.000,Roanoke,50-59,95,2,0
286,2020-08-04T00:00:00.000,Roanoke,60-69,60,3,0
287,2020-08-04T00:00:00.000,Roanoke,70-79,28,3,2
288,2020-08-04T00:00:00.000,Roanoke,80+,51,4,12
289,2020-08-04T00:00:00.000,Roanoke,Missing,4,0,0
290,2020-08-04T00:00:00.000,Southside,0-9,9,0,0
291,2020-08-04T00:00:00.000,Southside,10-19,23,0,0
292,2020-08-04T00:00:00.000,Southside,20-29,89,2,0
293,2020-08-04T00:00:00.000,Southside,30-39,114,4,0
294,2020-08-04T00:00:00.000,Southside,40-49,92,6,0
295,2020-08-04T00:00:00.000,Southside,50-59,98,12,0
296,2020-08-04T00:00:00.000,Southside,60-69,82,16,6
297,2020-08-04T00:00:00.000,Southside,70-79,73,13,16
298,2020-08-04T00:00:00.000,Southside,80+,86,12,13
299,2020-08-04T00:00:00.000,Southside,Missing,0,0,0
300,2020-08-04T00:00:00.000,Thomas Jefferson,0-9,79,1,0
301,2020-08-04T00:00:00.000,Thomas Jefferson,10-19,146,2,0
302,2020-08-04T00:00:00.000,Thomas Jefferson,20-29,322,2,0
303,2020-08-04T00:00:00.000,Thomas Jefferson,30-39,335,12,0
304,2020-08-04T00:00:00.000,Thomas Jefferson,40-49,270,19,0
305,2020-08-04T00:00:00.000,Thomas Jefferson,50-59,218,16,2
306,2020-08-04T00:00:00.000,Thomas Jefferson,60-69,167,30,4
307,2020-08-04T00:00:00.000,Thomas Jefferson,70-79,128,24,9
308,2020-08-04T00:00:00.000,Thomas Jefferson,80+,157,31,24
309,2020-08-04T00:00:00.000,Thomas Jefferson,Missing,2,0,0
310,2020-08-04T00:00:00.000,Three Rivers,0-9,16,1,0
311,2020-08-04T00:00:00.000,Three Rivers,10-19,56,1,0
312,2020-08-04T00:00:00.000,Three Rivers,20-29,176,4,0
313,2020-08-04T00:00:00.000,Three Rivers,30-39,205,6,0
314,2020-08-04T00:00:00.000,Three Rivers,40-49,187,12,2
315,2020-08-04T00:00:00.000,Three Rivers,50-59,148,11,0
316,2020-08-04T00:00:00.000,Three Rivers,60-69,107,15,1
317,2020-08-04T00:00:00.000,Three Rivers,70-79,57,11,6
318,2020-08-04T00:00:00.000,Three Rivers,80+,43,8,6
319,2020-08-04T00:00:00.000,Three Rivers,Missing,7,0,0
320,2020-08-04T00:00:00.000,Virginia Beach,0-9,134,0,0
321,2020-08-04T00:00:00.000,Virginia Beach,10-19,326,0,0
322,2020-08-04T00:00:00.000,Virginia Beach,20-29,1177,10,0
323,2020-08-04T00:00:00.000,Virginia Beach,30-39,883,17,0
324,2020-08-04T00:00:00.000,Virginia Beach,40-49,596,23,2
325,2020-08-04T00:00:00.000,Virginia Beach,50-59,523,24,1
326,2020-08-04T00:00:00.000,Virginia Beach,60-69,400,47,5
327,2020-08-04T00:00:00.000,Virginia Beach,70-79,204,49,13
328,2020-08-04T00:00:00.000,Virginia Beach,80+,178,45,28
329,2020-08-04T00:00:00.000,Virginia Beach,Missing,108,0,0
330,2020-08-04T00:00:00.000,Western Tidewater,0-9,43,0,0
331,2020-08-04T00:00:00.000,Western Tidewater,10-19,111,0,0
332,2020-08-04T00:00:00.000,Western Tidewater,20-29,276,6,0
333,2020-08-04T00:00:00.000,Western Tidewater,30-39,299,16,1
334,2020-08-04T00:00:00.000,Western Tidewater,40-49,268,9,2
335,2020-08-04T00:00:00.000,Western Tidewater,50-59,312,19,4
336,2020-08-04T00:00:00.000,Western Tidewater,60-69,240,23,8
337,2020-08-04T00:00:00.000,Western Tidewater,70-79,158,27,20
338,2020-08-04T00:00:00.000,Western Tidewater,80+,174,32,42
339,2020-08-04T00:00:00.000,Western Tidewater,Missing,20,0,0
340,2020-08-04T00:00:00.000,West Piedmont,0-9,29,1,0
341,2020-08-04T00:00:00.000,West Piedmont,10-19,99,0,0
342,2020-08-04T00:00:00.000,West Piedmont,20-29,156,3,0
343,2020-08-04T00:00:00.000,West Piedmont,30-39,138,3,0
344,2020-08-04T00:00:00.000,West Piedmont,40-49,158,11,2
345,2020-08-04T00:00:00.000,West Piedmont,50-59,170,25,2
346,2020-08-04T00:00:00.000,West Piedmont,60-69,99,16,1
347,2020-08-04T00:00:00.000,West Piedmont,70-79,64,26,5
348,2020-08-04T00:00:00.000,West Piedmont,80+,64,32,3
349,2020-08-04T00:00:00.000,West Piedmont,Missing,1,0,0
350,2020-08-03T00:00:00.000,Alexandria,0-9,162,2,0
351,2020-08-03T00:00:00.000,Alexandria,10-19,210,5,0
352,2020-08-03T00:00:00.000,Alexandria,20-29,494,10,1
353,2020-08-03T00:00:00.000,Alexandria,30-39,655,33,0
354,2020-08-03T00:00:00.000,Alexandria,40-49,523,43,0
355,2020-08-03T00:00:00.000,Alexandria,50-59,355,54,11
356,2020-08-03T00:00:00.000,Alexandria,60-69,229,53,3
357,2020-08-03T00:00:00.000,Alexandria,70-79,108,40,18
358,2020-08-03T00:00:00.000,Alexandria,80+,97,29,26
359,2020-08-03T00:00:00.000,Alexandria,Missing,11,0,0
360,2020-08-03T00:00:00.000,Alleghany,0-9,22,0,0
361,2020-08-03T00:00:00.000,Alleghany,10-19,106,0,0
362,2020-08-03T00:00:00.000,Alleghany,20-29,162,1,0
363,2020-08-03T00:00:00.000,Alleghany,30-39,119,2,0
364,2020-08-03T00:00:00.000,Alleghany,40-49,126,2,0
365,2020-08-03T00:00:00.000,Alleghany,50-59,125,7,1
366,2020-08-03T00:00:00.000,Alleghany,60-69,82,8,1
367,2020-08-03T00:00:00.000,Alleghany,70-79,80,8,11
368,2020-08-03T00:00:00.000,Alleghany,80+,47,11,7
369,2020-08-03T00:00:00.000,Alleghany,Missing,2,0,0
370,2020-08-03T00:00:00.000,Arlington,0-9,65,2,0
371,2020-08-03T00:00:00.000,Arlington,10-19,149,5,0
372,2020-08-03T00:00:00.000,Arlington,20-29,591,22,0
373,2020-08-03T00:00:00.000,Arlington,30-39,535,43,0
374,2020-08-03T00:00:00.000,Arlington,40-49,481,53,8
375,2020-08-03T00:00:00.000,Arlington,50-59,420,70,6
376,2020-08-03T00:00:00.000,Arlington,60-69,306,82,19
377,2020-08-03T00:00:00.000,Arlington,70-79,180,73,33
378,2020-08-03T00:00:00.000,Arlington,80+,205,85,70
379,2020-08-03T00:00:00.000,Arlington,Missing,13,1,0
380,2020-08-03T00:00:00.000,Central Shenandoah,0-9,80,0,0
381,2020-08-03T00:00:00.000,Central Shenandoah,10-19,161,1,0
382,2020-08-03T00:00:00.000,Central Shenandoah,20-29,527,11,0
383,2020-08-03T00:00:00.000,Central Shenandoah,30-39,394,8,0
384,2020-08-03T00:00:00.000,Central Shenandoah,40-49,435,16,0
385,2020-08-03T00:00:00.000,Central Shenandoah,50-59,451,35,4
386,2020-08-03T00:00:00.000,Central Shenandoah,60-69,323,49,14
387,2020-08-03T00:00:00.000,Central Shenandoah,70-79,166,51,15
388,2020-08-03T00:00:00.000,Central Shenandoah,80+,143,35,20
389,2020-08-03T00:00:00.000,Central Shenandoah,Missing,1,0,0
390,2020-08-03T00:00:00.000,Central Virginia,0-9,31,0,0
391,2020-08-03T00:00:00.000,Central Virginia,10-19,130,2,0
392,2020-08-03T00:00:00.000,Central Virginia,20-29,261,3,0
393,2020-08-03T00:00:00.000,Central Virginia,30-39,158,8,0
394,2020-08-03T00:00:00.000,Central Virginia,40-49,156,3,0
395,2020-08-03T00:00:00.000,Central Virginia,50-59,169,6,4
396,2020-08-03T00:00:00.000,Central Virginia,60-69,104,15,2
397,2020-08-03T00:00:00.000,Central Virginia,70-79,66,11,3
398,2020-08-03T00:00:00.000,Central Virginia,80+,46,8,1
399,2020-08-03T00:00:00.000,Central Virginia,Missing,1,0,0
400,2020-08-03T00:00:00.000,Chesapeake,0-9,82,1,0
401,2020-08-03T00:00:00.000,Chesapeake,10-19,187,1,0
402,2020-08-03T00:00:00.000,Chesapeake,20-29,531,5,0
403,2020-08-03T00:00:00.000,Chesapeake,30-39,514,15,0
404,2020-08-03T00:00:00.000,Chesapeake,40-49,396,33,1
405,2020-08-03T00:00:00.000,Chesapeake,50-59,356,38,1
406,2020-08-03T00:00:00.000,Chesapeake,60-69,250,42,5
407,2020-08-03T00:00:00.000,Chesapeake,70-79,135,42,4
408,2020-08-03T00:00:00.000,Chesapeake,80+,119,35,18
409,2020-08-03T00:00:00.000,Chesapeake,Missing,47,1,0
410,2020-08-03T00:00:00.000,Chesterfield,0-9,169,2,0
411,2020-08-03T00:00:00.000,Chesterfield,10-19,416,1,0
412,2020-08-03T00:00:00.000,Chesterfield,20-29,799,11,0
413,2020-08-03T00:00:00.000,Chesterfield,30-39,865,16,1
414,2020-08-03T00:00:00.000,Chesterfield,40-49,765,31,3
415,2020-08-03T00:00:00.000,Chesterfield,50-59,587,50,5
416,2020-08-03T00:00:00.000,Chesterfield,60-69,372,63,19
417,2020-08-03T00:00:00.000,Chesterfield,70-79,164,34,24
418,2020-08-03T00:00:00.000,Chesterfield,80+,163,36,48
419,2020-08-03T00:00:00.000,Chesterfield,Missing,110,1,0
420,2020-08-03T00:00:00.000,Chickahominy,0-9,22,0,0
421,2020-08-03T00:00:00.000,Chickahominy,10-19,68,0,0
422,2020-08-03T00:00:00.000,Chickahominy,20-29,147,3,0
423,2020-08-03T00:00:00.000,Chickahominy,30-39,123,3,0
424,2020-08-03T00:00:00.000,Chickahominy,40-49,116,14,1
425,2020-08-03T00:00:00.000,Chickahominy,50-59,159,23,1
426,2020-08-03T00:00:00.000,Chickahominy,60-69,103,25,8
427,2020-08-03T00:00:00.000,Chickahominy,70-79,78,24,7
428,2020-08-03T00:00:00.000,Chickahominy,80+,86,37,27
429,2020-08-03T00:00:00.000,Chickahominy,Missing,15,0,0
430,2020-08-03T00:00:00.000,Crater,0-9,46,2,0
431,2020-08-03T00:00:00.000,Crater,10-19,97,1,0
432,2020-08-03T00:00:00.000,Crater,20-29,341,9,0
433,2020-08-03T00:00:00.000,Crater,30-39,384,9,0
434,2020-08-03T00:00:00.000,Crater,40-49,310,20,1
435,2020-08-03T00:00:00.000,Crater,50-59,366,36,4
436,2020-08-03T00:00:00.000,Crater,60-69,306,57,18
437,2020-08-03T00:00:00.000,Crater,70-79,187,43,20
438,2020-08-03T00:00:00.000,Crater,80+,145,32,19
439,2020-08-03T00:00:00.000,Crater,Missing,20,0,0
440,2020-08-03T00:00:00.000,Cumberland Plateau,0-9,9,0,0
441,2020-08-03T00:00:00.000,Cumberland Plateau,10-19,40,1,0
442,2020-08-03T00:00:00.000,Cumberland Plateau,20-29,39,0,0
443,2020-08-03T00:00:00.000,Cumberland Plateau,30-39,37,2,0
444,2020-08-03T00:00:00.000,Cumberland Plateau,40-49,37,2,0
445,2020-08-03T00:00:00.000,Cumberland Plateau,50-59,48,4,0
446,2020-08-03T00:00:00.000,Cumberland Plateau,60-69,28,5,0
447,2020-08-03T00:00:00.000,Cumberland Plateau,70-79,20,2,0
448,2020-08-03T00:00:00.000,Cumberland Plateau,80+,11,5,1
449,2020-08-03T00:00:00.000,Cumberland Plateau,Missing,0,0,0
450,2020-08-03T00:00:00.000,Eastern Shore,0-9,24,2,0
451,2020-08-03T00:00:00.000,Eastern Shore,10-19,67,1,0
452,2020-08-03T00:00:00.000,Eastern Shore,20-29,204,6,0
453,2020-08-03T00:00:00.000,Eastern Shore,30-39,244,11,0
454,2020-08-03T00:00:00.000,Eastern Shore,40-49,259,13,2
455,2020-08-03T00:00:00.000,Eastern Shore,50-59,282,20,5
456,2020-08-03T00:00:00.000,Eastern Shore,60-69,185,30,8
457,2020-08-03T00:00:00.000,Eastern Shore,70-79,53,18,9
458,2020-08-03T00:00:00.000,Eastern Shore,80+,50,22,19
459,2020-08-03T00:00:00.000,Eastern Shore,Missing,6,0,0
460,2020-08-03T00:00:00.000,Fairfax,0-9,556,21,0
461,2020-08-03T00:00:00.000,Fairfax,10-19,1071,33,0
462,2020-08-03T00:00:00.000,Fairfax,20-29,2668,97,3
463,2020-08-03T00:00:00.000,Fairfax,30-39,3077,207,6
464,2020-08-03T00:00:00.000,Fairfax,40-49,2915,300,10
465,2020-08-03T00:00:00.000,Fairfax,50-59,2478,338,33
466,2020-08-03T00:00:00.000,Fairfax,60-69,1557,351,64
467,2020-08-03T00:00:00.000,Fairfax,70-79,724,255,119
468,2020-08-03T00:00:00.000,Fairfax,80+,844,317,301
469,2020-08-03T00:00:00.000,Fairfax,Missing,158,5,0
470,2020-08-03T00:00:00.000,Hampton,0-9,27,0,0
471,2020-08-03T00:00:00.000,Hampton,10-19,64,0,0
472,2020-08-03T00:00:00.000,Hampton,20-29,280,3,0
473,2020-08-03T00:00:00.000,Hampton,30-39,196,3,0
474,2020-08-03T00:00:00.000,Hampton,40-49,159,6,0
475,2020-08-03T00:00:00.000,Hampton,50-59,141,11,1
476,2020-08-03T00:00:00.000,Hampton,60-69,99,11,3
477,2020-08-03T00:00:00.000,Hampton,70-79,57,12,0
478,2020-08-03T00:00:00.000,Hampton,80+,23,3,1
479,2020-08-03T00:00:00.000,Hampton,Missing,24,0,0
480,2020-08-03T00:00:00.000,Henrico,0-9,134,4,0
481,2020-08-03T00:00:00.000,Henrico,10-19,272,4,0
482,2020-08-03T00:00:00.000,Henrico,20-29,589,18,0
483,2020-08-03T00:00:00.000,Henrico,30-39,662,19,0
484,2020-08-03T00:00:00.000,Henrico,40-49,545,35,2
485,2020-08-03T00:00:00.000,Henrico,50-59,470,52,11
486,2020-08-03T00:00:00.000,Henrico,60-69,355,57,35
487,2020-08-03T00:00:00.000,Henrico,70-79,245,52,44
488,2020-08-03T00:00:00.000,Henrico,80+,343,75,89
489,2020-08-03T00:00:00.000,Henrico,Missing,39,1,1
490,2020-08-03T00:00:00.000,Lenowisco,0-9,12,0,0
491,2020-08-03T00:00:00.000,Lenowisco,10-19,23,0,0
492,2020-08-03T00:00:00.000,Lenowisco,20-29,37,0,0
493,2020-08-03T00:00:00.000,Lenowisco,30-39,40,1,1
494,2020-08-03T00:00:00.000,Lenowisco,40-49,32,4,0
495,2020-08-03T00:00:00.000,Lenowisco,50-59,47,6,1
496,2020-08-03T00:00:00.000,Lenowisco,60-69,41,7,2
497,2020-08-03T00:00:00.000,Lenowisco,70-79,24,10,3
498,2020-08-03T00:00:00.000,Lenowisco,80+,11,4,0
499,2020-08-03T00:00:00.000,Lenowisco,Missing,0,0,0
500,2020-08-03T00:00:00.000,Lord Fairfax,0-9,76,2,0
501,2020-08-03T00:00:00.000,Lord Fairfax,10-19,188,3,0
502,2020-08-03T00:00:00.000,Lord Fairfax,20-29,416,7,0
503,2020-08-03T00:00:00.000,Lord Fairfax,30-39,403,11,1
504,2020-08-03T00:00:00.000,Lord Fairfax,40-49,388,19,1
505,2020-08-03T00:00:00.000,Lord Fairfax,50-59,397,34,3
506,2020-08-03T00:00:00.000,Lord Fairfax,60-69,264,52,14
507,2020-08-03T00:00:00.000,Lord Fairfax,70-79,169,45,19
508,2020-08-03T00:00:00.000,Lord Fairfax,80+,190,43,47
509,2020-08-03T00:00:00.000,Lord Fairfax,Missing,2,0,0
510,2020-08-03T00:00:00.000,Loudoun,0-9,186,4,0
511,2020-08-03T00:00:00.000,Loudoun,10-19,703,1,0
512,2020-08-03T00:00:00.000,Loudoun,20-29,851,10,0
513,2020-08-03T00:00:00.000,Loudoun,30-39,862,31,0
514,2020-08-03T00:00:00.000,Loudoun,40-49,944,60,1
515,2020-08-03T00:00:00.000,Loudoun,50-59,770,68,4
516,2020-08-03T00:00:00.000,Loudoun,60-69,289,56,8
517,2020-08-03T00:00:00.000,Loudoun,70-79,168,53,19
518,2020-08-03T00:00:00.000,Loudoun,80+,221,56,79
519,2020-08-03T00:00:00.000,Loudoun,Missing,65,0,1
520,2020-08-03T00:00:00.000,Mount Rogers,0-9,54,1,0
521,2020-08-03T00:00:00.000,Mount Rogers,10-19,105,0,0
522,2020-08-03T00:00:00.000,Mount Rogers,20-29,202,0,0
523,2020-08-03T00:00:00.000,Mount Rogers,30-39,186,6,0
524,2020-08-03T00:00:00.000,Mount Rogers,40-49,182,5,2
525,2020-08-03T00:00:00.000,Mount Rogers,50-59,187,14,2
526,2020-08-03T00:00:00.000,Mount Rogers,60-69,156,21,2
527,2020-08-03T00:00:00.000,Mount Rogers,70-79,106,37,15
528,2020-08-03T00:00:00.000,Mount Rogers,80+,92,35,29
529,2020-08-03T00:00:00.000,Mount Rogers,Missing,0,0,0
530,2020-08-03T00:00:00.000,New River,0-9,13,0,0
531,2020-08-03T00:00:00.000,New River,10-19,48,0,0
532,2020-08-03T00:00:00.000,New River,20-29,128,0,0
533,2020-08-03T00:00:00.000,New River,30-39,57,2,0
534,2020-08-03T00:00:00.000,New River,40-49,61,3,0
535,2020-08-03T00:00:00.000,New River,50-59,60,5,0
536,2020-08-03T00:00:00.000,New River,60-69,35,6,0
537,2020-08-03T00:00:00.000,New River,70-79,31,10,4
538,2020-08-03T00:00:00.000,New River,80+,16,6,3
539,2020-08-03T00:00:00.000,New River,Missing,3,0,0
540,2020-08-03T00:00:00.000,Norfolk,0-9,111,2,0
541,2020-08-03T00:00:00.000,Norfolk,10-19,209,1,0
542,2020-08-03T00:00:00.000,Norfolk,20-29,1106,11,0
543,2020-08-03T00:00:00.000,Norfolk,30-39,617,19,1
544,2020-08-03T00:00:00.000,Norfolk,40-49,398,17,1
545,2020-08-03T00:00:00.000,Norfolk,50-59,356,30,4
546,2020-08-03T00:00:00.000,Norfolk,60-69,318,45,5
547,2020-08-03T00:00:00.000,Norfolk,70-79,120,32,7
548,2020-08-03T00:00:00.000,Norfolk,80+,71,15,8
549,2020-08-03T00:00:00.000,Norfolk,Missing,39,1,0
550,2020-08-03T00:00:00.000,Peninsula,0-9,96,0,0
551,2020-08-03T00:00:00.000,Peninsula,10-19,166,1,0
552,2020-08-03T00:00:00.000,Peninsula,20-29,720,1,0
553,2020-08-03T00:00:00.000,Peninsula,30-39,491,13,2
554,2020-08-03T00:00:00.000,Peninsula,40-49,393,15,1
555,2020-08-03T00:00:00.000,Peninsula,50-59,327,24,3
556,2020-08-03T00:00:00.000,Peninsula,60-69,240,35,4
557,2020-08-03T00:00:00.000,Peninsula,70-79,147,42,12
558,2020-08-03T00:00:00.000,Peninsula,80+,89,30,19
559,2020-08-03T00:00:00.000,Peninsula,Missing,35,0,0
560,2020-08-03T00:00:00.000,Piedmont,0-9,27,0,0
561,2020-08-03T00:00:00.000,Piedmont,10-19,44,0,0
562,2020-08-03T00:00:00.000,Piedmont,20-29,237,2,0
563,2020-08-03T00:00:00.000,Piedmont,30-39,276,5,0
564,2020-08-03T00:00:00.000,Piedmont,40-49,240,12,0
565,2020-08-03T00:00:00.000,Piedmont,50-59,231,25,1
566,2020-08-03T00:00:00.000,Piedmont,60-69,169,23,3
567,2020-08-03T00:00:00.000,Piedmont,70-79,87,26,6
568,2020-08-03T00:00:00.000,Piedmont,80+,61,23,17
569,2020-08-03T00:00:00.000,Piedmont,Missing,1,0,0
570,2020-08-03T00:00:00.000,Pittsylvania-Danville,0-9,20,0,0
571,2020-08-03T00:00:00.000,Pittsylvania-Danville,10-19,47,0,0
572,2020-08-03T00:00:00.000,Pittsylvania-Danville,20-29,93,0,0
573,2020-08-03T00:00:00.000,Pittsylvania-Danville,30-39,106,1,0
574,2020-08-03T00:00:00.000,Pittsylvania-Danville,40-49,131,8,1
575,2020-08-03T00:00:00.000,Pittsylvania-Danville,50-59,131,20,0
576,2020-08-03T00:00:00.000,Pittsylvania-Danville,60-69,94,13,2
577,2020-08-03T00:00:00.000,Pittsylvania-Danville,70-79,43,13,1
578,2020-08-03T00:00:00.000,Pittsylvania-Danville,80+,54,10,5
579,2020-08-03T00:00:00.000,Pittsylvania-Danville,Missing,0,0,0
580,2020-08-03T00:00:00.000,Portsmouth,0-9,46,3,0
581,2020-08-03T00:00:00.000,Portsmouth,10-19,132,0,0
582,2020-08-03T00:00:00.000,Portsmouth,20-29,341,12,0
583,2020-08-03T00:00:00.000,Portsmouth,30-39,298,13,1
584,2020-08-03T00:00:00.000,Portsmouth,40-49,240,15,1
585,2020-08-03T00:00:00.000,Portsmouth,50-59,201,28,2
586,2020-08-03T00:00:00.000,Portsmouth,60-69,155,26,7
587,2020-08-03T00:00:00.000,Portsmouth,70-79,77,20,7
588,2020-08-03T00:00:00.000,Portsmouth,80+,29,8,6
589,2020-08-03T00:00:00.000,Portsmouth,Missing,21,0,0
590,2020-08-03T00:00:00.000,Prince William,0-9,439,11,0
591,2020-08-03T00:00:00.000,Prince William,10-19,961,8,0
592,2020-08-03T00:00:00.000,Prince William,20-29,2021,59,0
593,2020-08-03T00:00:00.000,Prince William,30-39,2070,103,2
594,2020-08-03T00:00:00.000,Prince William,40-49,2252,177,8
595,2020-08-03T00:00:00.000,Prince William,50-59,1678,209,16
596,2020-08-03T00:00:00.000,Prince William,60-69,888,185,48
597,2020-08-03T00:00:00.000,Prince William,70-79,352,111,50
598,2020-08-03T00:00:00.000,Prince William,80+,261,89,76
599,2020-08-03T00:00:00.000,Prince William,Missing,178,3,0
600,2020-08-03T00:00:00.000,Rappahannock,0-9,146,2,0
601,2020-08-03T00:00:00.000,Rappahannock,10-19,339,3,0
602,2020-08-03T00:00:00.000,Rappahannock,20-29,607,14,0
603,2020-08-03T00:00:00.000,Rappahannock,30-39,610,26,0
604,2020-08-03T00:00:00.000,Rappahannock,40-49,578,48,2
605,2020-08-03T00:00:00.000,Rappahannock,50-59,507,58,4
606,2020-08-03T00:00:00.000,Rappahannock,60-69,262,53,7
607,2020-08-03T00:00:00.000,Rappahannock,70-79,134,42,16
608,2020-08-03T00:00:00.000,Rappahannock,80+,115,43,22
609,2020-08-03T00:00:00.000,Rappahannock,Missing,25,0,0
610,2020-08-03T00:00:00.000,Rappahannock Rapidan,0-9,95,1,0
611,2020-08-03T00:00:00.000,Rappahannock Rapidan,10-19,166,3,0
612,2020-08-03T00:00:00.000,Rappahannock Rapidan,20-29,353,6,0
613,2020-08-03T00:00:00.000,Rappahannock Rapidan,30-39,366,18,1
614,2020-08-03T00:00:00.000,Rappahannock Rapidan,40-49,345,21,2
615,2020-08-03T00:00:00.000,Rappahannock Rapidan,50-59,279,32,2
616,2020-08-03T00:00:00.000,Rappahannock Rapidan,60-69,154,21,4
617,2020-08-03T00:00:00.000,Rappahannock Rapidan,70-79,48,13,8
618,2020-08-03T00:00:00.000,Rappahannock Rapidan,80+,34,17,9
619,2020-08-03T00:00:00.000,Rappahannock Rapidan,Missing,12,0,0
620,2020-08-03T00:00:00.000,Richmond,0-9,122,6,0
621,2020-08-03T00:00:00.000,Richmond,10-19,244,2,0
622,2020-08-03T00:00:00.000,Richmond,20-29,742,20,0
623,2020-08-03T00:00:00.000,Richmond,30-39,637,34,1
624,2020-08-03T00:00:00.000,Richmond,40-49,472,37,4
625,2020-08-03T00:00:00.000,Richmond,50-59,349,58,1
626,2020-08-03T00:00:00.000,Richmond,60-69,252,59,7
627,2020-08-03T00:00:00.000,Richmond,70-79,105,45,17
628,2020-08-03T00:00:00.000,Richmond,80+,46,22,9
629,2020-08-03T00:00:00.000,Richmond,Missing,23,0,0
630,2020-08-03T00:00:00.000,Roanoke,0-9,34,0,0
631,2020-08-03T00:00:00.000,Roanoke,10-19,102,0,0
632,2020-08-03T00:00:00.000,Roanoke,20-29,203,4,0
633,2020-08-03T00:00:00.000,Roanoke,30-39,209,2,0
634,2020-08-03T00:00:00.000,Roanoke,40-49,126,2,0
635,2020-08-03T00:00:00.000,Roanoke,50-59,96,1,0
636,2020-08-03T00:00:00.000,Roanoke,60-69,60,3,0
637,2020-08-03T00:00:00.000,Roanoke,70-79,27,3,1
638,2020-08-03T00:00:00.000,Roanoke,80+,48,4,10
639,2020-08-03T00:00:00.000,Roanoke,Missing,4,0,0
640,2020-08-03T00:00:00.000,Southside,0-9,9,0,0
641,2020-08-03T00:00:00.000,Southside,10-19,22,0,0
642,2020-08-03T00:00:00.000,Southside,20-29,89,2,0
643,2020-08-03T00:00:00.000,Southside,30-39,114,4,0
644,2020-08-03T00:00:00.000,Southside,40-49,92,6,0
645,2020-08-03T00:00:00.000,Southside,50-59,98,12,0
646,2020-08-03T00:00:00.000,Southside,60-69,81,16,5
647,2020-08-03T00:00:00.000,Southside,70-79,71,13,16
648,2020-08-03T00:00:00.000,Southside,80+,86,12,13
649,2020-08-03T00:00:00.000,Southside,Missing,0,0,0
650,2020-08-03T00:00:00.000,Thomas Jefferson,0-9,79,1,0
651,2020-08-03T00:00:00.000,Thomas Jefferson,10-19,142,2,0
652,2020-08-03T00:00:00.000,Thomas Jefferson,20-29,316,2,0
653,2020-08-03T00:00:00.000,Thomas Jefferson,30-39,332,12,0
654,2020-08-03T00:00:00.000,Thomas Jefferson,40-49,268,19,0
655,2020-08-03T00:00:00.000,Thomas Jefferson,50-59,213,16,2
656,2020-08-03T00:00:00.000,Thomas Jefferson,60-69,161,30,4
657,2020-08-03T00:00:00.000,Thomas Jefferson,70-79,126,24,8
658,2020-08-03T00:00:00.000,Thomas Jefferson,80+,154,31,23
659,2020-08-03T00:00:00.000,Thomas Jefferson,Missing,2,0,0
660,2020-08-03T00:00:00.000,Three Rivers,0-9,15,1,0
661,2020-08-03T00:00:00.000,Three Rivers,10-19,56,1,0
662,2020-08-03T00:00:00.000,Three Rivers,20-29,175,4,0
663,2020-08-03T00:00:00.000,Three Rivers,30-39,202,6,0
664,2020-08-03T00:00:00.000,Three Rivers,40-49,185,12,2
665,2020-08-03T00:00:00.000,Three Rivers,50-59,148,11,0
666,2020-08-03T00:00:00.000,Three Rivers,60-69,106,15,1
667,2020-08-03T00:00:00.000,Three Rivers,70-79,55,10,6
668,2020-08-03T00:00:00.000,Three Rivers,80+,43,8,6
669,2020-08-03T00:00:00.000,Three Rivers,Missing,7,0,0
670,2020-08-03T00:00:00.000,Virginia Beach,0-9,130,0,0
671,2020-08-03T00:00:00.000,Virginia Beach,10-19,314,0,0
672,2020-08-03T00:00:00.000,Virginia Beach,20-29,1160,10,0
673,2020-08-03T00:00:00.000,Virginia Beach,30-39,867,16,0
674,2020-08-03T00:00:00.000,Virginia Beach,40-49,582,23,2
675,2020-08-03T00:00:00.000,Virginia Beach,50-59,507,23,1
676,2020-08-03T00:00:00.000,Virginia Beach,60-69,392,46,5
677,2020-08-03T00:00:00.000,Virginia Beach,70-79,196,46,12
678,2020-08-03T00:00:00.000,Virginia Beach,80+,171,44,27
679,2020-08-03T00:00:00.000,Virginia Beach,Missing,108,0,0
680,2020-08-03T00:00:00.000,Western Tidewater,0-9,42,0,0
681,2020-08-03T00:00:00.000,Western Tidewater,10-19,107,0,0
682,2020-08-03T00:00:00.000,Western Tidewater,20-29,269,6,0
683,2020-08-03T00:00:00.000,Western Tidewater,30-39,288,16,1
684,2020-08-03T00:00:00.000,Western Tidewater,40-49,260,9,2
685,2020-08-03T00:00:00.000,Western Tidewater,50-59,307,19,4
686,2020-08-03T00:00:00.000,Western Tidewater,60-69,237,23,8
687,2020-08-03T00:00:00.000,Western Tidewater,70-79,151,27,20
688,2020-08-03T00:00:00.000,Western Tidewater,80+,172,32,42
689,2020-08-03T00:00:00.000,Western Tidewater,Missing,20,0,0
690,2020-08-03T00:00:00.000,West Piedmont,0-9,27,1,0
691,2020-08-03T00:00:00.000,West Piedmont,10-19,98,0,0
692,2020-08-03T00:00:00.000,West Piedmont,20-29,155,3,0
693,2020-08-03T00:00:00.000,West Piedmont,30-39,133,3,0
694,2020-08-03T00:00:00.000,West Piedmont,40-49,154,11,2
695,2020-08-03T00:00:00.000,West Piedmont,50-59,167,25,2
696,2020-08-03T00:00:00.000,West Piedmont,60-69,97,15,1
697,2020-08-03T00:00:00.000,West Piedmont,70-79,62,26,5
698,2020-08-03T00:00:00.000,West Piedmont,80+,63,32,3
699,2020-08-03T00:00:00.000,West Piedmont,Missing,1,0,0
700,2020-08-02T00:00:00.000,Alexandria,0-9,161,2,0
701,2020-08-02T00:00:00.000,Alexandria,10-19,209,5,0
702,2020-08-02T00:00:00.000,Alexandria,20-29,487,10,1
703,2020-08-02T00:00:00.000,Alexandria,30-39,648,33,0
704,2020-08-02T00:00:00.000,Alexandria,40-49,520,43,0
705,2020-08-02T00:00:00.000,Alexandria,50-59,353,54,11
706,2020-08-02T00:00:00.000,Alexandria,60-69,227,52,3
707,2020-08-02T00:00:00.000,Alexandria,70-79,107,40,18
708,2020-08-02T00:00:00.000,Alexandria,80+,97,29,26
709,2020-08-02T00:00:00.000,Alexandria,Missing,11,0,0
710,2020-08-02T00:00:00.000,Alleghany,0-9,22,0,0
711,2020-08-02T00:00:00.000,Alleghany,10-19,106,0,0
712,2020-08-02T00:00:00.000,Alleghany,20-29,160,1,0
713,2020-08-02T00:00:00.000,Alleghany,30-39,113,2,0
714,2020-08-02T00:00:00.000,Alleghany,40-49,125,2,0
715,2020-08-02T00:00:00.000,Alleghany,50-59,120,7,1
716,2020-08-02T00:00:00.000,Alleghany,60-69,82,8,1
717,2020-08-02T00:00:00.000,Alleghany,70-79,80,8,11
718,2020-08-02T00:00:00.000,Alleghany,80+,47,11,7
719,2020-08-02T00:00:00.000,Alleghany,Missing,2,0,0
720,2020-08-02T00:00:00.000,Arlington,0-9,64,2,0
721,2020-08-02T00:00:00.000,Arlington,10-19,148,5,0
722,2020-08-02T00:00:00.000,Arlington,20-29,586,22,0
723,2020-08-02T00:00:00.000,Arlington,30-39,530,43,0
724,2020-08-02T00:00:00.000,Arlington,40-49,478,52,8
725,2020-08-02T00:00:00.000,Arlington,50-59,418,70,6
726,2020-08-02T00:00:00.000,Arlington,60-69,303,82,19
727,2020-08-02T00:00:00.000,Arlington,70-79,180,73,33
728,2020-08-02T00:00:00.000,Arlington,80+,205,85,70
729,2020-08-02T00:00:00.000,Arlington,Missing,13,1,0
730,2020-08-02T00:00:00.000,Central Shenandoah,0-9,79,0,0
731,2020-08-02T00:00:00.000,Central Shenandoah,10-19,161,1,0
732,2020-08-02T00:00:00.000,Central Shenandoah,20-29,524,11,0
733,2020-08-02T00:00:00.000,Central Shenandoah,30-39,389,8,0
734,2020-08-02T00:00:00.000,Central Shenandoah,40-49,430,16,0
735,2020-08-02T00:00:00.000,Central Shenandoah,50-59,449,35,4
736,2020-08-02T00:00:00.000,Central Shenandoah,60-69,323,49,14
737,2020-08-02T00:00:00.000,Central Shenandoah,70-79,165,51,15
738,2020-08-02T00:00:00.000,Central Shenandoah,80+,143,35,20
739,2020-08-02T00:00:00.000,Central Shenandoah,Missing,1,0,0
740,2020-08-02T00:00:00.000,Central Virginia,0-9,31,0,0
741,2020-08-02T00:00:00.000,Central Virginia,10-19,129,1,0
742,2020-08-02T00:00:00.000,Central Virginia,20-29,252,3,0
743,2020-08-02T00:00:00.000,Central Virginia,30-39,154,6,0
744,2020-08-02T00:00:00.000,Central Virginia,40-49,150,1,0
745,2020-08-02T00:00:00.000,Central Virginia,50-59,165,6,4
746,2020-08-02T00:00:00.000,Central Virginia,60-69,103,11,2
747,2020-08-02T00:00:00.000,Central Virginia,70-79,64,10,3
748,2020-08-02T00:00:00.000,Central Virginia,80+,44,6,1
749,2020-08-02T00:00:00.000,Central Virginia,Missing,1,0,0
750,2020-08-02T00:00:00.000,Chesapeake,0-9,79,1,0
751,2020-08-02T00:00:00.000,Chesapeake,10-19,179,1,0
752,2020-08-02T00:00:00.000,Chesapeake,20-29,513,5,0
753,2020-08-02T00:00:00.000,Chesapeake,30-39,501,14,0
754,2020-08-02T00:00:00.000,Chesapeake,40-49,388,33,1
755,2020-08-02T00:00:00.000,Chesapeake,50-59,345,38,1
756,2020-08-02T00:00:00.000,Chesapeake,60-69,242,39,5
757,2020-08-02T00:00:00.000,Chesapeake,70-79,130,40,4
758,2020-08-02T00:00:00.000,Chesapeake,80+,114,34,18
759,2020-08-02T00:00:00.000,Chesapeake,Missing,47,1,0
760,2020-08-02T00:00:00.000,Chesterfield,0-9,166,2,0
761,2020-08-02T00:00:00.000,Chesterfield,10-19,406,0,0
762,2020-08-02T00:00:00.000,Chesterfield,20-29,786,11,0
763,2020-08-02T00:00:00.000,Chesterfield,30-39,844,15,1
764,2020-08-02T00:00:00.000,Chesterfield,40-49,750,31,3
765,2020-08-02T00:00:00.000,Chesterfield,50-59,580,50,5
766,2020-08-02T00:00:00.000,Chesterfield,60-69,366,63,19
767,2020-08-02T00:00:00.000,Chesterfield,70-79,160,34,24
768,2020-08-02T00:00:00.000,Chesterfield,80+,163,36,48
769,2020-08-02T00:00:00.000,Chesterfield,Missing,110,1,0
770,2020-08-02T00:00:00.000,Chickahominy,0-9,22,0,0
771,2020-08-02T00:00:00.000,Chickahominy,10-19,68,0,0
772,2020-08-02T00:00:00.000,Chickahominy,20-29,145,3,0
773,2020-08-02T00:00:00.000,Chickahominy,30-39,122,3,0
774,2020-08-02T00:00:00.000,Chickahominy,40-49,114,14,1
775,2020-08-02T00:00:00.000,Chickahominy,50-59,156,23,1
776,2020-08-02T00:00:00.000,Chickahominy,60-69,102,25,8
777,2020-08-02T00:00:00.000,Chickahominy,70-79,78,24,7
778,2020-08-02T00:00:00.000,Chickahominy,80+,86,37,27
779,2020-08-02T00:00:00.000,Chickahominy,Missing,15,0,0
780,2020-08-02T00:00:00.000,Crater,0-9,44,2,0
781,2020-08-02T00:00:00.000,Crater,10-19,95,1,0
782,2020-08-02T00:00:00.000,Crater,20-29,336,9,0
783,2020-08-02T00:00:00.000,Crater,30-39,373,9,0
784,2020-08-02T00:00:00.000,Crater,40-49,306,20,1
785,2020-08-02T00:00:00.000,Crater,50-59,356,36,3
786,2020-08-02T00:00:00.000,Crater,60-69,300,56,18
787,2020-08-02T00:00:00.000,Crater,70-79,185,43,20
788,2020-08-02T00:00:00.000,Crater,80+,142,30,19
789,2020-08-02T00:00:00.000,Crater,Missing,20,0,0
790,2020-08-02T00:00:00.000,Cumberland Plateau,0-9,9,0,0
791,2020-08-02T00:00:00.000,Cumberland Plateau,10-19,39,1,0
792,2020-08-02T00:00:00.000,Cumberland Plateau,20-29,39,0,0
793,2020-08-02T00:00:00.000,Cumberland Plateau,30-39,35,2,0
794,2020-08-02T00:00:00.000,Cumberland Plateau,40-49,37,2,0
795,2020-08-02T00:00:00.000,Cumberland Plateau,50-59,42,4,0
796,2020-08-02T00:00:00.000,Cumberland Plateau,60-69,25,4,0
797,2020-08-02T00:00:00.000,Cumberland Plateau,70-79,17,2,0
798,2020-08-02T00:00:00.000,Cumberland Plateau,80+,9,4,1
799,2020-08-02T00:00:00.000,Cumberland Plateau,Missing,0,0,0
800,2020-08-02T00:00:00.000,Eastern Shore,0-9,23,2,0
801,2020-08-02T00:00:00.000,Eastern Shore,10-19,67,1,0
802,2020-08-02T00:00:00.000,Eastern Shore,20-29,204,6,0
803,2020-08-02T00:00:00.000,Eastern Shore,30-39,244,11,0
804,2020-08-02T00:00:00.000,Eastern Shore,40-49,258,13,2
805,2020-08-02T00:00:00.000,Eastern Shore,50-59,281,20,5
806,2020-08-02T00:00:00.000,Eastern Shore,60-69,185,30,8
807,2020-08-02T00:00:00.000,Eastern Shore,70-79,53,18,9
808,2020-08-02T00:00:00.000,Eastern Shore,80+,50,22,19
809,2020-08-02T00:00:00.000,Eastern Shore,Missing,6,0,0
810,2020-08-02T00:00:00.000,Fairfax,0-9,554,21,0
811,2020-08-02T00:00:00.000,Fairfax,10-19,1051,33,0
812,2020-08-02T00:00:00.000,Fairfax,20-29,2633,97,3
813,2020-08-02T00:00:00.000,Fairfax,30-39,3048,206,6
814,2020-08-02T00:00:00.000,Fairfax,40-49,2898,300,10
815,2020-08-02T00:00:00.000,Fairfax,50-59,2455,338,33
816,2020-08-02T00:00:00.000,Fairfax,60-69,1551,351,64
817,2020-08-02T00:00:00.000,Fairfax,70-79,724,255,119
818,2020-08-02T00:00:00.000,Fairfax,80+,843,317,301
819,2020-08-02T00:00:00.000,Fairfax,Missing,151,5,0
820,2020-08-02T00:00:00.000,Hampton,0-9,27,0,0
821,2020-08-02T00:00:00.000,Hampton,10-19,64,0,0
822,2020-08-02T00:00:00.000,Hampton,20-29,272,3,0
823,2020-08-02T00:00:00.000,Hampton,30-39,192,3,0
824,2020-08-02T00:00:00.000,Hampton,40-49,157,6,0
825,2020-08-02T00:00:00.000,Hampton,50-59,138,11,1
826,2020-08-02T00:00:00.000,Hampton,60-69,98,11,3
827,2020-08-02T00:00:00.000,Hampton,70-79,56,12,0
828,2020-08-02T00:00:00.000,Hampton,80+,22,3,1
829,2020-08-02T00:00:00.000,Hampton,Missing,22,0,0
830,2020-08-02T00:00:00.000,Henrico,0-9,133,4,0
831,2020-08-02T00:00:00.000,Henrico,10-19,269,4,0
832,2020-08-02T00:00:00.000,Henrico,20-29,584,18,0
833,2020-08-02T00:00:00.000,Henrico,30-39,651,19,0
834,2020-08-02T00:00:00.000,Henrico,40-49,539,33,2
835,2020-08-02T00:00:00.000,Henrico,50-59,464,51,11
836,2020-08-02T00:00:00.000,Henrico,60-69,349,57,35
837,2020-08-02T00:00:00.000,Henrico,70-79,243,51,44
838,2020-08-02T00:00:00.000,Henrico,80+,340,74,89
839,2020-08-02T00:00:00.000,Henrico,Missing,37,1,1
840,2020-08-02T00:00:00.000,Lenowisco,0-9,12,0,0
841,2020-08-02T00:00:00.000,Lenowisco,10-19,21,0,0
842,2020-08-02T00:00:00.000,Lenowisco,20-29,36,0,0
843,2020-08-02T00:00:00.000,Lenowisco,30-39,33,1,1
844,2020-08-02T00:00:00.000,Lenowisco,40-49,31,4,0
845,2020-08-02T00:00:00.000,Lenowisco,50-59,43,6,1
846,2020-08-02T00:00:00.000,Lenowisco,60-69,37,7,2
847,2020-08-02T00:00:00.000,Lenowisco,70-79,22,10,3
848,2020-08-02T00:00:00.000,Lenowisco,80+,11,4,0
849,2020-08-02T00:00:00.000,Lenowisco,Missing,0,0,0
850,2020-08-02T00:00:00.000,Lord Fairfax,0-9,76,2,0
851,2020-08-02T00:00:00.000,Lord Fairfax,10-19,187,3,0
852,2020-08-02T00:00:00.000,Lord Fairfax,20-29,415,7,0
853,2020-08-02T00:00:00.000,Lord Fairfax,30-39,403,11,1
854,2020-08-02T00:00:00.000,Lord Fairfax,40-49,385,19,1
855,2020-08-02T00:00:00.000,Lord Fairfax,50-59,395,34,3
856,2020-08-02T00:00:00.000,Lord Fairfax,60-69,263,52,14
857,2020-08-02T00:00:00.000,Lord Fairfax,70-79,167,45,19
858,2020-08-02T00:00:00.000,Lord Fairfax,80+,191,43,48
859,2020-08-02T00:00:00.000,Lord Fairfax,Missing,2,0,0
860,2020-08-02T00:00:00.000,Loudoun,0-9,184,4,0
861,2020-08-02T00:00:00.000,Loudoun,10-19,698,1,0
862,2020-08-02T00:00:00.000,Loudoun,20-29,846,10,0
863,2020-08-02T00:00:00.000,Loudoun,30-39,858,31,0
864,2020-08-02T00:00:00.000,Loudoun,40-49,940,60,1
865,2020-08-02T00:00:00.000,Loudoun,50-59,768,67,4
866,2020-08-02T00:00:00.000,Loudoun,60-69,288,56,8
867,2020-08-02T00:00:00.000,Loudoun,70-79,166,52,19
868,2020-08-02T00:00:00.000,Loudoun,80+,221,55,79
869,2020-08-02T00:00:00.000,Loudoun,Missing,65,0,1
870,2020-08-02T00:00:00.000,Mount Rogers,0-9,54,1,0
871,2020-08-02T00:00:00.000,Mount Rogers,10-19,103,0,0
872,2020-08-02T00:00:00.000,Mount Rogers,20-29,200,0,0
873,2020-08-02T00:00:00.000,Mount Rogers,30-39,183,6,0
874,2020-08-02T00:00:00.000,Mount Rogers,40-49,178,5,2
875,2020-08-02T00:00:00.000,Mount Rogers,50-59,181,13,2
876,2020-08-02T00:00:00.000,Mount Rogers,60-69,151,20,2
877,2020-08-02T00:00:00.000,Mount Rogers,70-79,106,37,15
878,2020-08-02T00:00:00.000,Mount Rogers,80+,92,35,29
879,2020-08-02T00:00:00.000,Mount Rogers,Missing,0,0,0
880,2020-08-02T00:00:00.000,New River,0-9,12,0,0
881,2020-08-02T00:00:00.000,New River,10-19,47,0,0
882,2020-08-02T00:00:00.000,New River,20-29,123,0,0
883,2020-08-02T00:00:00.000,New River,30-39,56,2,0
884,2020-08-02T00:00:00.000,New River,40-49,61,3,0
885,2020-08-02T00:00:00.000,New River,50-59,60,5,0
886,2020-08-02T00:00:00.000,New River,60-69,34,5,0
887,2020-08-02T00:00:00.000,New River,70-79,28,10,4
888,2020-08-02T00:00:00.000,New River,80+,16,5,3
889,2020-08-02T00:00:00.000,New River,Missing,3,0,0
890,2020-08-02T00:00:00.000,Norfolk,0-9,109,2,0
891,2020-08-02T00:00:00.000,Norfolk,10-19,196,1,0
892,2020-08-02T00:00:00.000,Norfolk,20-29,1037,11,0
893,2020-08-02T00:00:00.000,Norfolk,30-39,601,19,1
894,2020-08-02T00:00:00.000,Norfolk,40-49,391,17,1
895,2020-08-02T00:00:00.000,Norfolk,50-59,342,30,4
896,2020-08-02T00:00:00.000,Norfolk,60-69,309,44,5
897,2020-08-02T00:00:00.000,Norfolk,70-79,119,32,7
898,2020-08-02T00:00:00.000,Norfolk,80+,69,15,8
899,2020-08-02T00:00:00.000,Norfolk,Missing,37,1,0
900,2020-08-02T00:00:00.000,Peninsula,0-9,95,0,0
901,2020-08-02T00:00:00.000,Peninsula,10-19,160,1,0
902,2020-08-02T00:00:00.000,Peninsula,20-29,706,1,0
903,2020-08-02T00:00:00.000,Peninsula,30-39,478,13,2
904,2020-08-02T00:00:00.000,Peninsula,40-49,387,15,1
905,2020-08-02T00:00:00.000,Peninsula,50-59,318,24,3
906,2020-08-02T00:00:00.000,Peninsula,60-69,237,35,4
907,2020-08-02T00:00:00.000,Peninsula,70-79,143,42,12
908,2020-08-02T00:00:00.000,Peninsula,80+,87,30,19
909,2020-08-02T00:00:00.000,Peninsula,Missing,34,0,0
910,2020-08-02T00:00:00.000,Piedmont,0-9,27,0,0
911,2020-08-02T00:00:00.000,Piedmont,10-19,44,0,0
912,2020-08-02T00:00:00.000,Piedmont,20-29,235,2,0
913,2020-08-02T00:00:00.000,Piedmont,30-39,274,5,0
914,2020-08-02T00:00:00.000,Piedmont,40-49,239,12,0
915,2020-08-02T00:00:00.000,Piedmont,50-59,230,25,1
916,2020-08-02T00:00:00.000,Piedmont,60-69,169,23,3
917,2020-08-02T00:00:00.000,Piedmont,70-79,88,26,6
918,2020-08-02T00:00:00.000,Piedmont,80+,61,23,17
919,2020-08-02T00:00:00.000,Piedmont,Missing,1,0,0
920,2020-08-02T00:00:00.000,Pittsylvania-Danville,0-9,20,0,0
921,2020-08-02T00:00:00.000,Pittsylvania-Danville,10-19,47,0,0
922,2020-08-02T00:00:00.000,Pittsylvania-Danville,20-29,89,0,0
923,2020-08-02T00:00:00.000,Pittsylvania-Danville,30-39,93,1,0
924,2020-08-02T00:00:00.000,Pittsylvania-Danville,40-49,126,8,1
925,2020-08-02T00:00:00.000,Pittsylvania-Danville,50-59,128,19,0
926,2020-08-02T00:00:00.000,Pittsylvania-Danville,60-69,86,12,2
927,2020-08-02T00:00:00.000,Pittsylvania-Danville,70-79,41,13,1
928,2020-08-02T00:00:00.000,Pittsylvania-Danville,80+,54,10,5
929,2020-08-02T00:00:00.000,Pittsylvania-Danville,Missing,0,0,0
930,2020-08-02T00:00:00.000,Portsmouth,0-9,46,3,0
931,2020-08-02T00:00:00.000,Portsmouth,10-19,132,0,0
932,2020-08-02T00:00:00.000,Portsmouth,20-29,341,12,0
933,2020-08-02T00:00:00.000,Portsmouth,30-39,298,13,1
934,2020-08-02T00:00:00.000,Portsmouth,40-49,240,15,1
935,2020-08-02T00:00:00.000,Portsmouth,50-59,200,28,2
936,2020-08-02T00:00:00.000,Portsmouth,60-69,155,26,7
937,2020-08-02T00:00:00.000,Portsmouth,70-79,77,20,7
938,2020-08-02T00:00:00.000,Portsmouth,80+,29,8,6
939,2020-08-02T00:00:00.000,Portsmouth,Missing,21,0,0
940,2020-08-02T00:00:00.000,Prince William,0-9,436,11,0
941,2020-08-02T00:00:00.000,Prince William,10-19,951,8,0
942,2020-08-02T00:00:00.000,Prince William,20-29,2002,59,0
943,2020-08-02T00:00:00.000,Prince William,30-39,2052,101,2
944,2020-08-02T00:00:00.000,Prince William,40-49,2236,177,8
945,2020-08-02T00:00:00.000,Prince William,50-59,1667,209,16
946,2020-08-02T00:00:00.000,Prince William,60-69,884,185,48
947,2020-08-02T00:00:00.000,Prince William,70-79,350,110,50
948,2020-08-02T00:00:00.000,Prince William,80+,260,88,75
949,2020-08-02T00:00:00.000,Prince William,Missing,178,3,0
950,2020-08-02T00:00:00.000,Rappahannock,0-9,140,2,0
951,2020-08-02T00:00:00.000,Rappahannock,10-19,337,3,0
952,2020-08-02T00:00:00.000,Rappahannock,20-29,594,14,0
953,2020-08-02T00:00:00.000,Rappahannock,30-39,602,26,0
954,2020-08-02T00:00:00.000,Rappahannock,40-49,571,48,2
955,2020-08-02T00:00:00.000,Rappahannock,50-59,496,58,4
956,2020-08-02T00:00:00.000,Rappahannock,60-69,262,53,7
957,2020-08-02T00:00:00.000,Rappahannock,70-79,132,42,16
958,2020-08-02T00:00:00.000,Rappahannock,80+,112,42,23
959,2020-08-02T00:00:00.000,Rappahannock,Missing,25,0,0
960,2020-08-02T00:00:00.000,Rappahannock Rapidan,0-9,95,1,0
961,2020-08-02T00:00:00.000,Rappahannock Rapidan,10-19,165,3,0
962,2020-08-02T00:00:00.000,Rappahannock Rapidan,20-29,352,6,0
963,2020-08-02T00:00:00.000,Rappahannock Rapidan,30-39,365,18,1
964,2020-08-02T00:00:00.000,Rappahannock Rapidan,40-49,344,21,2
965,2020-08-02T00:00:00.000,Rappahannock Rapidan,50-59,275,32,2
966,2020-08-02T00:00:00.000,Rappahannock Rapidan,60-69,152,21,4
967,2020-08-02T00:00:00.000,Rappahannock Rapidan,70-79,48,13,8
968,2020-08-02T00:00:00.000,Rappahannock Rapidan,80+,30,17,9
969,2020-08-02T00:00:00.000,Rappahannock Rapidan,Missing,12,0,0
970,2020-08-02T00:00:00.000,Richmond,0-9,121,6,0
971,2020-08-02T00:00:00.000,Richmond,10-19,238,2,0
972,2020-08-02T00:00:00.000,Richmond,20-29,728,20,0
973,2020-08-02T00:00:00.000,Richmond,30-39,631,32,1
974,2020-08-02T00:00:00.000,Richmond,40-49,463,35,4
975,2020-08-02T00:00:00.000,Richmond,50-59,347,58,1
976,2020-08-02T00:00:00.000,Richmond,60-69,247,59,7
977,2020-08-02T00:00:00.000,Richmond,70-79,104,44,17
978,2020-08-02T00:00:00.000,Richmond,80+,44,22,9
979,2020-08-02T00:00:00.000,Richmond,Missing,23,0,0
980,2020-08-02T00:00:00.000,Roanoke,0-9,34,0,0
981,2020-08-02T00:00:00.000,Roanoke,10-19,102,0,0
982,2020-08-02T00:00:00.000,Roanoke,20-29,202,4,0
983,2020-08-02T00:00:00.000,Roanoke,30-39,209,2,0
984,2020-08-02T00:00:00.000,Roanoke,40-49,124,1,0
985,2020-08-02T00:00:00.000,Roanoke,50-59,94,1,0
986,2020-08-02T00:00:00.000,Roanoke,60-69,59,3,0
987,2020-08-02T00:00:00.000,Roanoke,70-79,27,3,1
988,2020-08-02T00:00:00.000,Roanoke,80+,48,4,10
989,2020-08-02T00:00:00.000,Roanoke,Missing,4,0,0
990,2020-08-02T00:00:00.000,Southside,0-9,9,0,0
991,2020-08-02T00:00:00.000,Southside,10-19,22,0,0
992,2020-08-02T00:00:00.000,Southside,20-29,87,2,0
993,2020-08-02T00:00:00.000,Southside,30-39,111,4,0
994,2020-08-02T00:00:00.000,Southside,40-49,92,6,0
995,2020-08-02T00:00:00.000,Southside,50-59,96,12,0
996,2020-08-02T00:00:00.000,Southside,60-69,77,16,5
997,2020-08-02T00:00:00.000,Southside,70-79,71,13,16
998,2020-08-02T00:00:00.000,Southside,80+,85,12,13
999,2020-08-02T00:00:00.000,Southside,Missing,0,0,0
