,report_date,fips,locality,vdh_health_district,total_cases,hospitalizations,deaths
0,2020-07-30T00:00:00.000,51001,Accomack,Eastern Shore,1074,77,15
1,2020-07-30T00:00:00.000,51003,Albemarle,Thomas Jefferson,733,51,10
2,2020-07-30T00:00:00.000,51005,Alleghany,Alleghany,56,5,3
3,2020-07-30T00:00:00.000,51007,Amelia,Piedmont,72,13,1
4,2020-07-30T00:00:00.000,51009,Amherst,Central Virginia,101,4,0
5,2020-07-30T00:00:00.000,51011,Appomattox,Central Virginia,67,2,0
6,2020-07-30T00:00:00.000,51013,Arlington,Arlington,2874,433,135
7,2020-07-30T00:00:00.000,51015,Augusta,Central Shenandoah,246,8,4
8,2020-07-30T00:00:00.000,51017,Bath,Central Shenandoah,4,0,0
9,2020-07-30T00:00:00.000,51019,Bedford,Central Virginia,261,7,5
10,2020-07-30T00:00:00.000,51021,Bland,Mount Rogers,7,0,0
11,2020-07-30T00:00:00.000,51023,Botetourt,Alleghany,183,13,5
12,2020-07-30T00:00:00.000,51025,Brunswick,Southside,197,24,1
13,2020-07-30T00:00:00.000,51027,Buchanan,Cumberland Plateau,69,2,0
14,2020-07-30T00:00:00.000,51029,Buckingham,Piedmont,592,23,6
15,2020-07-30T00:00:00.000,51031,Campbell,Central Virginia,132,5,2
16,2020-07-30T00:00:00.000,51033,Caroline,Rappahannock,179,22,4
17,2020-07-30T00:00:00.000,51035,Carroll,Mount Rogers,305,28,11
18,2020-07-30T00:00:00.000,51036,Charles City,Chickahominy,47,15,3
19,2020-07-30T00:00:00.000,51037,Charlotte,Piedmont,49,5,0
20,2020-07-30T00:00:00.000,51041,Chesterfield,Chesterfield,3877,208,71
21,2020-07-30T00:00:00.000,51043,Clarke,Lord Fairfax,66,7,0
22,2020-07-30T00:00:00.000,51045,Craig,Alleghany,15,1,0
23,2020-07-30T00:00:00.000,51047,Culpeper,Rappahannock Rapidan,938,73,12
24,2020-07-30T00:00:00.000,51049,Cumberland,Piedmont,64,4,0
25,2020-07-30T00:00:00.000,51051,Dickenson,Cumberland Plateau,21,1,0
26,2020-07-30T00:00:00.000,51053,Dinwiddie,Crater,196,30,4
27,2020-07-30T00:00:00.000,51057,Essex,Three Rivers,74,7,1
28,2020-07-30T00:00:00.000,51059,Fairfax,Fairfax,15606,1872,519
29,2020-07-30T00:00:00.000,51061,Fauquier,Rappahannock Rapidan,571,34,8
30,2020-07-30T00:00:00.000,51063,Floyd,New River,31,2,1
31,2020-07-30T00:00:00.000,51065,Fluvanna,Thomas Jefferson,170,31,8
32,2020-07-30T00:00:00.000,51067,Franklin County,West Piedmont,150,8,1
33,2020-07-30T00:00:00.000,51069,Frederick,Lord Fairfax,649,49,7
34,2020-07-30T00:00:00.000,51071,Giles,New River,21,1,0
35,2020-07-30T00:00:00.000,51073,Gloucester,Three Rivers,140,12,2
36,2020-07-30T00:00:00.000,51075,Goochland,Chickahominy,149,25,7
37,2020-07-30T00:00:00.000,51077,Grayson,Mount Rogers,124,7,4
38,2020-07-30T00:00:00.000,51079,Greene,Thomas Jefferson,134,8,2
39,2020-07-30T00:00:00.000,51081,Greensville,Crater,415,25,9
40,2020-07-30T00:00:00.000,51083,Halifax,Southside,130,5,1
41,2020-07-30T00:00:00.000,51085,Hanover,Chickahominy,583,75,30
42,2020-07-30T00:00:00.000,51087,Henrico,Henrico,3509,308,178
43,2020-07-30T00:00:00.000,51089,Henry,West Piedmont,467,53,5
44,2020-07-30T00:00:00.000,51091,Highland,Central Shenandoah,3,0,0
45,2020-07-30T00:00:00.000,51093,Isle of Wight,Western Tidewater,323,20,9
46,2020-07-30T00:00:00.000,51095,James City,Peninsula,531,59,16
47,2020-07-30T00:00:00.000,51097,King and Queen,Three Rivers,35,4,1
48,2020-07-30T00:00:00.000,51099,King George,Rappahannock,121,16,4
49,2020-07-30T00:00:00.000,51101,King William,Three Rivers,76,7,2
50,2020-07-30T00:00:00.000,51103,Lancaster,Three Rivers,29,1,0
51,2020-07-30T00:00:00.000,51105,Lee,Lenowisco,86,7,0
52,2020-07-30T00:00:00.000,51107,Loudoun,Loudoun,4985,331,109
53,2020-07-30T00:00:00.000,51109,Louisa,Thomas Jefferson,165,22,2
54,2020-07-30T00:00:00.000,51111,Lunenburg,Piedmont,54,4,1
55,2020-07-30T00:00:00.000,51113,Madison,Rappahannock Rapidan,58,5,1
56,2020-07-30T00:00:00.000,51115,Mathews,Three Rivers,12,2,0
57,2020-07-30T00:00:00.000,51117,Mecklenburg,Southside,303,34,31
58,2020-07-30T00:00:00.000,51119,Middlesex,Three Rivers,26,2,1
59,2020-07-30T00:00:00.000,51121,Montgomery,New River,264,15,3
60,2020-07-30T00:00:00.000,51125,Nelson,Thomas Jefferson,32,0,0
61,2020-07-30T00:00:00.000,51127,New Kent,Chickahominy,113,9,1
62,2020-07-30T00:00:00.000,51131,Northampton,Eastern Shore,292,45,28
63,2020-07-30T00:00:00.000,51133,Northumberland,Three Rivers,62,3,2
64,2020-07-30T00:00:00.000,51135,Nottoway,Piedmont,169,40,8
65,2020-07-30T00:00:00.000,51137,Orange,Rappahannock Rapidan,205,15,3
66,2020-07-30T00:00:00.000,51139,Page,Lord Fairfax,331,36,24
67,2020-07-30T00:00:00.000,51141,Patrick,West Piedmont,106,18,3
68,2020-07-30T00:00:00.000,51143,Pittsylvania,Pittsylvania-Danville,309,25,2
69,2020-07-30T00:00:00.000,51145,Powhatan,Chesterfield,120,9,4
70,2020-07-30T00:00:00.000,51147,Prince Edward,Piedmont,300,27,9
71,2020-07-30T00:00:00.000,51149,Prince George,Crater,328,14,2
72,2020-07-30T00:00:00.000,51153,Prince William,Prince William,8784,770,169
73,2020-07-30T00:00:00.000,51155,Pulaski,New River,74,9,3
74,2020-07-30T00:00:00.000,51157,Rappahannock,Rappahannock Rapidan,40,4,2
75,2020-07-30T00:00:00.000,51159,Richmond County,Three Rivers,317,13,4
76,2020-07-30T00:00:00.000,51161,Roanoke County,Alleghany,425,13,7
77,2020-07-30T00:00:00.000,51163,Rockbridge,Central Shenandoah,65,1,0
78,2020-07-30T00:00:00.000,51165,Rockingham,Central Shenandoah,883,93,17
79,2020-07-30T00:00:00.000,51167,Russell,Cumberland Plateau,60,8,1
80,2020-07-30T00:00:00.000,51169,Scott,Lenowisco,47,6,3
81,2020-07-30T00:00:00.000,51171,Shenandoah,Lord Fairfax,665,70,40
82,2020-07-30T00:00:00.000,51173,Smyth,Mount Rogers,102,7,3
83,2020-07-30T00:00:00.000,51175,Southampton,Western Tidewater,229,12,12
84,2020-07-30T00:00:00.000,51177,Spotsylvania,Rappahannock,1291,91,33
85,2020-07-30T00:00:00.000,51179,Stafford,Rappahannock,1237,116,7
86,2020-07-30T00:00:00.000,51181,Surry,Crater,35,4,2
87,2020-07-30T00:00:00.000,51183,Sussex,Crater,276,24,8
88,2020-07-30T00:00:00.000,51185,Tazewell,Cumberland Plateau,81,5,0
89,2020-07-30T00:00:00.000,51187,Warren,Lord Fairfax,345,23,7
90,2020-07-30T00:00:00.000,51191,Washington,Mount Rogers,164,18,4
91,2020-07-30T00:00:00.000,51193,Westmoreland,Three Rivers,193,15,2
92,2020-07-30T00:00:00.000,51195,Wise,Lenowisco,75,14,3
93,2020-07-30T00:00:00.000,51197,Wythe,Mount Rogers,98,10,3
94,2020-07-30T00:00:00.000,51199,York,Peninsula,293,14,3
95,2020-07-30T00:00:00.000,51510,Alexandria,Alexandria,2779,266,57
96,2020-07-30T00:00:00.000,51520,Bristol,Mount Rogers,50,5,0
97,2020-07-30T00:00:00.000,51530,Buena Vista City,Central Shenandoah,47,3,0
98,2020-07-30T00:00:00.000,51540,Charlottesville,Thomas Jefferson,451,23,9
99,2020-07-30T00:00:00.000,51550,Chesapeake,Chesapeake,2391,199,27
100,2020-07-30T00:00:00.000,51570,Colonial Heights,Chesterfield,177,24,21
101,2020-07-30T00:00:00.000,51580,Covington,Alleghany,11,0,0
102,2020-07-30T00:00:00.000,51590,Danville,Pittsylvania-Danville,291,35,5
103,2020-07-30T00:00:00.000,51595,Emporia,Crater,163,24,15
104,2020-07-30T00:00:00.000,51600,Fairfax City,Fairfax,81,10,7
105,2020-07-30T00:00:00.000,51610,Falls Church,Fairfax,61,10,6
106,2020-07-30T00:00:00.000,51620,Franklin City,Western Tidewater,117,7,6
107,2020-07-30T00:00:00.000,51630,Fredericksburg,Rappahannock,345,38,2
108,2020-07-30T00:00:00.000,51640,Galax,Mount Rogers,329,37,17
109,2020-07-30T00:00:00.000,51650,Hampton,Hampton,973,49,5
110,2020-07-30T00:00:00.000,51660,Harrisonburg,Central Shenandoah,1037,79,29
111,2020-07-30T00:00:00.000,51670,Hopewell,Crater,253,22,5
112,2020-07-30T00:00:00.000,51678,Lexington,Central Shenandoah,28,1,0
113,2020-07-30T00:00:00.000,51680,Lynchburg,Central Virginia,396,7,2
114,2020-07-30T00:00:00.000,51683,Manassas City,Prince William,1596,118,20
115,2020-07-30T00:00:00.000,51685,Manassas Park,Prince William,495,50,7
116,2020-07-30T00:00:00.000,51690,Martinsville,West Piedmont,159,24,3
117,2020-07-30T00:00:00.000,51700,Newport News,Peninsula,1544,71,16
118,2020-07-30T00:00:00.000,51710,Norfolk,Norfolk,3080,165,22
119,2020-07-30T00:00:00.000,51720,Norton,Lenowisco,10,2,0
120,2020-07-30T00:00:00.000,51730,Petersburg,Crater,426,60,10
121,2020-07-30T00:00:00.000,51735,Poquoson,Peninsula,35,2,0
122,2020-07-30T00:00:00.000,51740,Portsmouth,Portsmouth,1417,122,22
123,2020-07-30T00:00:00.000,51750,Radford,New River,25,2,0
124,2020-07-30T00:00:00.000,51760,Richmond City,Richmond,2857,273,38
125,2020-07-30T00:00:00.000,51770,Roanoke City,Roanoke,805,18,10
126,2020-07-30T00:00:00.000,51775,Salem,Alleghany,129,5,3
127,2020-07-30T00:00:00.000,51790,Staunton,Central Shenandoah,140,10,0
128,2020-07-30T00:00:00.000,51800,Suffolk,Western Tidewater,1001,91,48
129,2020-07-30T00:00:00.000,51810,Virginia Beach,Virginia Beach,3979,193,43
130,2020-07-30T00:00:00.000,51820,Waynesboro,Central Shenandoah,165,8,2
131,2020-07-30T00:00:00.000,51830,Williamsburg,Peninsula,106,12,6
132,2020-07-30T00:00:00.000,51840,Winchester,Lord Fairfax,390,28,4
133,2020-07-29T00:00:00.000,51001,Accomack,Eastern Shore,1072,77,15
134,2020-07-29T00:00:00.000,51003,Albemarle,Thomas Jefferson,724,52,10
135,2020-07-29T00:00:00.000,51005,Alleghany,Alleghany,56,5,2
136,2020-07-29T00:00:00.000,51007,Amelia,Piedmont,71,13,1
137,2020-07-29T00:00:00.000,51009,Amherst,Central Virginia,99,3,0
138,2020-07-29T00:00:00.000,51011,Appomattox,Central Virginia,67,2,0
139,2020-07-29T00:00:00.000,51013,Arlington,Arlington,2857,431,135
140,2020-07-29T00:00:00.000,51015,Augusta,Central Shenandoah,245,8,4
141,2020-07-29T00:00:00.000,51017,Bath,Central Shenandoah,4,0,0
142,2020-07-29T00:00:00.000,51019,Bedford,Central Virginia,255,7,5
143,2020-07-29T00:00:00.000,51021,Bland,Mount Rogers,7,0,0
144,2020-07-29T00:00:00.000,51023,Botetourt,Alleghany,182,13,4
145,2020-07-29T00:00:00.000,51025,Brunswick,Southside,188,23,1
146,2020-07-29T00:00:00.000,51027,Buchanan,Cumberland Plateau,67,2,0
147,2020-07-29T00:00:00.000,51029,Buckingham,Piedmont,592,23,6
148,2020-07-29T00:00:00.000,51031,Campbell,Central Virginia,131,5,2
149,2020-07-29T00:00:00.000,51033,Caroline,Rappahannock,177,22,4
150,2020-07-29T00:00:00.000,51035,Carroll,Mount Rogers,303,28,11
151,2020-07-29T00:00:00.000,51036,Charles City,Chickahominy,46,15,3
152,2020-07-29T00:00:00.000,51037,Charlotte,Piedmont,48,5,0
153,2020-07-29T00:00:00.000,51041,Chesterfield,Chesterfield,3829,206,69
154,2020-07-29T00:00:00.000,51043,Clarke,Lord Fairfax,66,7,0
155,2020-07-29T00:00:00.000,51045,Craig,Alleghany,15,1,0
156,2020-07-29T00:00:00.000,51047,Culpeper,Rappahannock Rapidan,934,72,12
157,2020-07-29T00:00:00.000,51049,Cumberland,Piedmont,63,4,0
158,2020-07-29T00:00:00.000,51051,Dickenson,Cumberland Plateau,18,1,0
159,2020-07-29T00:00:00.000,51053,Dinwiddie,Crater,195,30,4
160,2020-07-29T00:00:00.000,51057,Essex,Three Rivers,74,7,1
161,2020-07-29T00:00:00.000,51059,Fairfax,Fairfax,15570,1867,519
162,2020-07-29T00:00:00.000,51061,Fauquier,Rappahannock Rapidan,570,34,8
163,2020-07-29T00:00:00.000,51063,Floyd,New River,31,2,1
164,2020-07-29T00:00:00.000,51065,Fluvanna,Thomas Jefferson,170,31,8
165,2020-07-29T00:00:00.000,51067,Franklin County,West Piedmont,150,8,1
166,2020-07-29T00:00:00.000,51069,Frederick,Lord Fairfax,644,49,7
167,2020-07-29T00:00:00.000,51071,Giles,New River,20,1,0
168,2020-07-29T00:00:00.000,51073,Gloucester,Three Rivers,138,12,2
169,2020-07-29T00:00:00.000,51075,Goochland,Chickahominy,149,25,7
170,2020-07-29T00:00:00.000,51077,Grayson,Mount Rogers,123,7,4
171,2020-07-29T00:00:00.000,51079,Greene,Thomas Jefferson,134,8,2
172,2020-07-29T00:00:00.000,51081,Greensville,Crater,411,25,9
173,2020-07-29T00:00:00.000,51083,Halifax,Southside,128,5,1
174,2020-07-29T00:00:00.000,51085,Hanover,Chickahominy,579,75,30
175,2020-07-29T00:00:00.000,51087,Henrico,Henrico,3466,306,177
176,2020-07-29T00:00:00.000,51089,Henry,West Piedmont,461,51,5
177,2020-07-29T00:00:00.000,51091,Highland,Central Shenandoah,3,0,0
178,2020-07-29T00:00:00.000,51093,Isle of Wight,Western Tidewater,318,20,9
179,2020-07-29T00:00:00.000,51095,James City,Peninsula,525,59,16
180,2020-07-29T00:00:00.000,51097,King and Queen,Three Rivers,35,4,1
181,2020-07-29T00:00:00.000,51099,King George,Rappahannock,119,16,4
182,2020-07-29T00:00:00.000,51101,King William,Three Rivers,76,7,2
183,2020-07-29T00:00:00.000,51103,Lancaster,Three Rivers,29,1,0
184,2020-07-29T00:00:00.000,51105,Lee,Lenowisco,83,7,0
185,2020-07-29T00:00:00.000,51107,Loudoun,Loudoun,4965,328,109
186,2020-07-29T00:00:00.000,51109,Louisa,Thomas Jefferson,165,22,2
187,2020-07-29T00:00:00.000,51111,Lunenburg,Piedmont,53,4,0
188,2020-07-29T00:00:00.000,51113,Madison,Rappahannock Rapidan,58,5,1
189,2020-07-29T00:00:00.000,51115,Mathews,Three Rivers,12,2,0
190,2020-07-29T00:00:00.000,51117,Mecklenburg,Southside,303,34,31
191,2020-07-29T00:00:00.000,51119,Middlesex,Three Rivers,25,2,1
192,2020-07-29T00:00:00.000,51121,Montgomery,New River,260,15,3
193,2020-07-29T00:00:00.000,51125,Nelson,Thomas Jefferson,33,0,0
194,2020-07-29T00:00:00.000,51127,New Kent,Chickahominy,112,9,1
195,2020-07-29T00:00:00.000,51131,Northampton,Eastern Shore,297,45,28
196,2020-07-29T00:00:00.000,51133,Northumberland,Three Rivers,60,3,2
197,2020-07-29T00:00:00.000,51135,Nottoway,Piedmont,168,40,8
198,2020-07-29T00:00:00.000,51137,Orange,Rappahannock Rapidan,204,15,3
199,2020-07-29T00:00:00.000,51139,Page,Lord Fairfax,330,36,24
200,2020-07-29T00:00:00.000,51141,Patrick,West Piedmont,104,18,3
201,2020-07-29T00:00:00.000,51143,Pittsylvania,Pittsylvania-Danville,296,24,2
202,2020-07-29T00:00:00.000,51145,Powhatan,Chesterfield,118,9,4
203,2020-07-29T00:00:00.000,51147,Prince Edward,Piedmont,289,27,7
204,2020-07-29T00:00:00.000,51149,Prince George,Crater,327,14,2
205,2020-07-29T00:00:00.000,51153,Prince William,Prince William,8724,769,168
206,2020-07-29T00:00:00.000,51155,Pulaski,New River,74,9,3
207,2020-07-29T00:00:00.000,51157,Rappahannock,Rappahannock Rapidan,40,4,2
208,2020-07-29T00:00:00.000,51159,Richmond County,Three Rivers,315,13,4
209,2020-07-29T00:00:00.000,51161,Roanoke County,Alleghany,414,13,7
210,2020-07-29T00:00:00.000,51163,Rockbridge,Central Shenandoah,63,1,0
211,2020-07-29T00:00:00.000,51165,Rockingham,Central Shenandoah,878,93,16
212,2020-07-29T00:00:00.000,51167,Russell,Cumberland Plateau,59,8,1
213,2020-07-29T00:00:00.000,51169,Scott,Lenowisco,45,6,3
214,2020-07-29T00:00:00.000,51171,Shenandoah,Lord Fairfax,665,70,40
215,2020-07-29T00:00:00.000,51173,Smyth,Mount Rogers,97,6,2
216,2020-07-29T00:00:00.000,51175,Southampton,Western Tidewater,229,12,12
217,2020-07-29T00:00:00.000,51177,Spotsylvania,Rappahannock,1271,91,33
218,2020-07-29T00:00:00.000,51179,Stafford,Rappahannock,1227,115,7
219,2020-07-29T00:00:00.000,51181,Surry,Crater,35,4,2
220,2020-07-29T00:00:00.000,51183,Sussex,Crater,271,23,8
221,2020-07-29T00:00:00.000,51185,Tazewell,Cumberland Plateau,80,4,0
222,2020-07-29T00:00:00.000,51187,Warren,Lord Fairfax,344,23,7
223,2020-07-29T00:00:00.000,51191,Washington,Mount Rogers,157,16,4
224,2020-07-29T00:00:00.000,51193,Westmoreland,Three Rivers,192,15,2
225,2020-07-29T00:00:00.000,51195,Wise,Lenowisco,74,14,3
226,2020-07-29T00:00:00.000,51197,Wythe,Mount Rogers,95,10,3
227,2020-07-29T00:00:00.000,51199,York,Peninsula,290,14,3
228,2020-07-29T00:00:00.000,51510,Alexandria,Alexandria,2759,266,57
229,2020-07-29T00:00:00.000,51520,Bristol,Mount Rogers,48,4,0
230,2020-07-29T00:00:00.000,51530,Buena Vista City,Central Shenandoah,47,3,0
231,2020-07-29T00:00:00.000,51540,Charlottesville,Thomas Jefferson,443,22,8
232,2020-07-29T00:00:00.000,51550,Chesapeake,Chesapeake,2348,199,27
233,2020-07-29T00:00:00.000,51570,Colonial Heights,Chesterfield,175,24,20
234,2020-07-29T00:00:00.000,51580,Covington,Alleghany,11,0,0
235,2020-07-29T00:00:00.000,51590,Danville,Pittsylvania-Danville,278,34,4
236,2020-07-29T00:00:00.000,51595,Emporia,Crater,164,24,15
237,2020-07-29T00:00:00.000,51600,Fairfax City,Fairfax,79,10,7
238,2020-07-29T00:00:00.000,51610,Falls Church,Fairfax,54,10,6
239,2020-07-29T00:00:00.000,51620,Franklin City,Western Tidewater,115,7,6
240,2020-07-29T00:00:00.000,51630,Fredericksburg,Rappahannock,340,38,2
241,2020-07-29T00:00:00.000,51640,Galax,Mount Rogers,327,36,17
242,2020-07-29T00:00:00.000,51650,Hampton,Hampton,963,49,4
243,2020-07-29T00:00:00.000,51660,Harrisonburg,Central Shenandoah,1037,78,29
244,2020-07-29T00:00:00.000,51670,Hopewell,Crater,253,22,5
245,2020-07-29T00:00:00.000,51678,Lexington,Central Shenandoah,28,1,0
246,2020-07-29T00:00:00.000,51680,Lynchburg,Central Virginia,392,7,2
247,2020-07-29T00:00:00.000,51683,Manassas City,Prince William,1586,118,20
248,2020-07-29T00:00:00.000,51685,Manassas Park,Prince William,493,50,7
249,2020-07-29T00:00:00.000,51690,Martinsville,West Piedmont,156,21,3
250,2020-07-29T00:00:00.000,51700,Newport News,Peninsula,1519,71,15
251,2020-07-29T00:00:00.000,51710,Norfolk,Norfolk,2937,164,22
252,2020-07-29T00:00:00.000,51720,Norton,Lenowisco,10,2,0
253,2020-07-29T00:00:00.000,51730,Petersburg,Crater,411,60,10
254,2020-07-29T00:00:00.000,51735,Poquoson,Peninsula,34,2,0
255,2020-07-29T00:00:00.000,51740,Portsmouth,Portsmouth,1390,114,21
256,2020-07-29T00:00:00.000,51750,Radford,New River,26,2,0
257,2020-07-29T00:00:00.000,51760,Richmond City,Richmond,2831,270,39
258,2020-07-29T00:00:00.000,51770,Roanoke City,Roanoke,780,17,10
259,2020-07-29T00:00:00.000,51775,Salem,Alleghany,128,5,3
260,2020-07-29T00:00:00.000,51790,Staunton,Central Shenandoah,139,10,0
261,2020-07-29T00:00:00.000,51800,Suffolk,Western Tidewater,989,91,48
262,2020-07-29T00:00:00.000,51810,Virginia Beach,Virginia Beach,3908,192,43
263,2020-07-29T00:00:00.000,51820,Waynesboro,Central Shenandoah,165,8,2
264,2020-07-29T00:00:00.000,51830,Williamsburg,Peninsula,105,12,6
265,2020-07-29T00:00:00.000,51840,Winchester,Lord Fairfax,390,28,4
266,2020-07-28T00:00:00.000,51001,Accomack,Eastern Shore,1069,76,15
267,2020-07-28T00:00:00.000,51003,Albemarle,Thomas Jefferson,723,51,10
268,2020-07-28T00:00:00.000,51005,Alleghany,Alleghany,57,5,2
269,2020-07-28T00:00:00.000,51007,Amelia,Piedmont,71,13,1
270,2020-07-28T00:00:00.000,51009,Amherst,Central Virginia,92,3,0
271,2020-07-28T00:00:00.000,51011,Appomattox,Central Virginia,63,2,0
272,2020-07-28T00:00:00.000,51013,Arlington,Arlington,2843,431,135
273,2020-07-28T00:00:00.000,51015,Augusta,Central Shenandoah,244,8,3
274,2020-07-28T00:00:00.000,51017,Bath,Central Shenandoah,4,0,0
275,2020-07-28T00:00:00.000,51019,Bedford,Central Virginia,244,7,4
276,2020-07-28T00:00:00.000,51021,Bland,Mount Rogers,7,0,0
277,2020-07-28T00:00:00.000,51023,Botetourt,Alleghany,178,13,4
278,2020-07-28T00:00:00.000,51025,Brunswick,Southside,184,23,1
279,2020-07-28T00:00:00.000,51027,Buchanan,Cumberland Plateau,64,2,0
280,2020-07-28T00:00:00.000,51029,Buckingham,Piedmont,592,23,6
281,2020-07-28T00:00:00.000,51031,Campbell,Central Virginia,121,3,1
282,2020-07-28T00:00:00.000,51033,Caroline,Rappahannock,174,22,4
283,2020-07-28T00:00:00.000,51035,Carroll,Mount Rogers,300,27,11
284,2020-07-28T00:00:00.000,51036,Charles City,Chickahominy,45,15,3
285,2020-07-28T00:00:00.000,51037,Charlotte,Piedmont,48,5,0
286,2020-07-28T00:00:00.000,51041,Chesterfield,Chesterfield,3796,205,66
287,2020-07-28T00:00:00.000,51043,Clarke,Lord Fairfax,64,7,0
288,2020-07-28T00:00:00.000,51045,Craig,Alleghany,15,1,0
289,2020-07-28T00:00:00.000,51047,Culpeper,Rappahannock Rapidan,932,72,12
290,2020-07-28T00:00:00.000,51049,Cumberland,Piedmont,63,4,0
291,2020-07-28T00:00:00.000,51051,Dickenson,Cumberland Plateau,16,1,0
292,2020-07-28T00:00:00.000,51053,Dinwiddie,Crater,193,30,2
293,2020-07-28T00:00:00.000,51057,Essex,Three Rivers,74,7,1
294,2020-07-28T00:00:00.000,51059,Fairfax,Fairfax,15509,1858,519
295,2020-07-28T00:00:00.000,51061,Fauquier,Rappahannock Rapidan,568,34,8
296,2020-07-28T00:00:00.000,51063,Floyd,New River,29,2,1
297,2020-07-28T00:00:00.000,51065,Fluvanna,Thomas Jefferson,167,30,8
298,2020-07-28T00:00:00.000,51067,Franklin County,West Piedmont,146,8,1
299,2020-07-28T00:00:00.000,51069,Frederick,Lord Fairfax,641,47,7
300,2020-07-28T00:00:00.000,51071,Giles,New River,20,1,0
301,2020-07-28T00:00:00.000,51073,Gloucester,Three Rivers,138,12,1
302,2020-07-28T00:00:00.000,51075,Goochland,Chickahominy,148,25,7
303,2020-07-28T00:00:00.000,51077,Grayson,Mount Rogers,121,7,4
304,2020-07-28T00:00:00.000,51079,Greene,Thomas Jefferson,134,8,2
305,2020-07-28T00:00:00.000,51081,Greensville,Crater,410,25,9
306,2020-07-28T00:00:00.000,51083,Halifax,Southside,126,5,1
307,2020-07-28T00:00:00.000,51085,Hanover,Chickahominy,576,74,30
308,2020-07-28T00:00:00.000,51087,Henrico,Henrico,3436,304,178
309,2020-07-28T00:00:00.000,51089,Henry,West Piedmont,458,50,5
310,2020-07-28T00:00:00.000,51091,Highland,Central Shenandoah,3,0,0
311,2020-07-28T00:00:00.000,51093,Isle of Wight,Western Tidewater,314,20,9
312,2020-07-28T00:00:00.000,51095,James City,Peninsula,518,59,16
313,2020-07-28T00:00:00.000,51097,King and Queen,Three Rivers,35,4,1
314,2020-07-28T00:00:00.000,51099,King George,Rappahannock,119,16,4
315,2020-07-28T00:00:00.000,51101,King William,Three Rivers,75,7,2
316,2020-07-28T00:00:00.000,51103,Lancaster,Three Rivers,29,1,0
317,2020-07-28T00:00:00.000,51105,Lee,Lenowisco,80,7,0
318,2020-07-28T00:00:00.000,51107,Loudoun,Loudoun,4939,328,108
319,2020-07-28T00:00:00.000,51109,Louisa,Thomas Jefferson,165,22,2
320,2020-07-28T00:00:00.000,51111,Lunenburg,Piedmont,52,4,0
321,2020-07-28T00:00:00.000,51113,Madison,Rappahannock Rapidan,57,5,1
322,2020-07-28T00:00:00.000,51115,Mathews,Three Rivers,12,2,0
323,2020-07-28T00:00:00.000,51117,Mecklenburg,Southside,297,34,30
324,2020-07-28T00:00:00.000,51119,Middlesex,Three Rivers,25,2,1
325,2020-07-28T00:00:00.000,51121,Montgomery,New River,259,14,3
326,2020-07-28T00:00:00.000,51125,Nelson,Thomas Jefferson,33,0,0
327,2020-07-28T00:00:00.000,51127,New Kent,Chickahominy,111,9,1
328,2020-07-28T00:00:00.000,51131,Northampton,Eastern Shore,298,45,28
329,2020-07-28T00:00:00.000,51133,Northumberland,Three Rivers,60,3,1
330,2020-07-28T00:00:00.000,51135,Nottoway,Piedmont,168,40,6
331,2020-07-28T00:00:00.000,51137,Orange,Rappahannock Rapidan,202,15,3
332,2020-07-28T00:00:00.000,51139,Page,Lord Fairfax,330,36,24
333,2020-07-28T00:00:00.000,51141,Patrick,West Piedmont,104,17,3
334,2020-07-28T00:00:00.000,51143,Pittsylvania,Pittsylvania-Danville,292,24,2
335,2020-07-28T00:00:00.000,51145,Powhatan,Chesterfield,116,9,4
336,2020-07-28T00:00:00.000,51147,Prince Edward,Piedmont,284,27,6
337,2020-07-28T00:00:00.000,51149,Prince George,Crater,326,14,2
338,2020-07-28T00:00:00.000,51153,Prince William,Prince William,8663,766,167
339,2020-07-28T00:00:00.000,51155,Pulaski,New River,73,9,2
340,2020-07-28T00:00:00.000,51157,Rappahannock,Rappahannock Rapidan,40,4,2
341,2020-07-28T00:00:00.000,51159,Richmond County,Three Rivers,316,13,4
342,2020-07-28T00:00:00.000,51161,Roanoke County,Alleghany,405,13,6
343,2020-07-28T00:00:00.000,51163,Rockbridge,Central Shenandoah,62,1,0
344,2020-07-28T00:00:00.000,51165,Rockingham,Central Shenandoah,870,93,16
345,2020-07-28T00:00:00.000,51167,Russell,Cumberland Plateau,52,8,1
346,2020-07-28T00:00:00.000,51169,Scott,Lenowisco,41,5,3
347,2020-07-28T00:00:00.000,51171,Shenandoah,Lord Fairfax,662,70,40
348,2020-07-28T00:00:00.000,51173,Smyth,Mount Rogers,93,6,2
349,2020-07-28T00:00:00.000,51175,Southampton,Western Tidewater,229,12,12
350,2020-07-28T00:00:00.000,51177,Spotsylvania,Rappahannock,1254,91,33
351,2020-07-28T00:00:00.000,51179,Stafford,Rappahannock,1214,115,7
352,2020-07-28T00:00:00.000,51181,Surry,Crater,35,4,2
353,2020-07-28T00:00:00.000,51183,Sussex,Crater,270,22,7
354,2020-07-28T00:00:00.000,51185,Tazewell,Cumberland Plateau,77,2,0
355,2020-07-28T00:00:00.000,51187,Warren,Lord Fairfax,344,22,7
356,2020-07-28T00:00:00.000,51191,Washington,Mount Rogers,146,16,4
357,2020-07-28T00:00:00.000,51193,Westmoreland,Three Rivers,192,15,2
358,2020-07-28T00:00:00.000,51195,Wise,Lenowisco,70,14,3
359,2020-07-28T00:00:00.000,51197,Wythe,Mount Rogers,94,10,3
360,2020-07-28T00:00:00.000,51199,York,Peninsula,287,14,3
361,2020-07-28T00:00:00.000,51510,Alexandria,Alexandria,2749,266,57
362,2020-07-28T00:00:00.000,51520,Bristol,Mount Rogers,44,2,0
363,2020-07-28T00:00:00.000,51530,Buena Vista City,Central Shenandoah,47,3,0
364,2020-07-28T00:00:00.000,51540,Charlottesville,Thomas Jefferson,441,22,8
365,2020-07-28T00:00:00.000,51550,Chesapeake,Chesapeake,2276,195,26
366,2020-07-28T00:00:00.000,51570,Colonial Heights,Chesterfield,175,24,20
367,2020-07-28T00:00:00.000,51580,Covington,Alleghany,10,0,0
368,2020-07-28T00:00:00.000,51590,Danville,Pittsylvania-Danville,269,34,3
369,2020-07-28T00:00:00.000,51595,Emporia,Crater,163,24,15
370,2020-07-28T00:00:00.000,51600,Fairfax City,Fairfax,77,10,7
371,2020-07-28T00:00:00.000,51610,Falls Church,Fairfax,53,10,6
372,2020-07-28T00:00:00.000,51620,Franklin City,Western Tidewater,114,7,5
373,2020-07-28T00:00:00.000,51630,Fredericksburg,Rappahannock,338,38,2
374,2020-07-28T00:00:00.000,51640,Galax,Mount Rogers,326,36,16
375,2020-07-28T00:00:00.000,51650,Hampton,Hampton,938,48,4
376,2020-07-28T00:00:00.000,51660,Harrisonburg,Central Shenandoah,1035,78,29
377,2020-07-28T00:00:00.000,51670,Hopewell,Crater,252,22,5
378,2020-07-28T00:00:00.000,51678,Lexington,Central Shenandoah,28,1,0
379,2020-07-28T00:00:00.000,51680,Lynchburg,Central Virginia,370,6,1
380,2020-07-28T00:00:00.000,51683,Manassas City,Prince William,1584,118,20
381,2020-07-28T00:00:00.000,51685,Manassas Park,Prince William,488,50,7
382,2020-07-28T00:00:00.000,51690,Martinsville,West Piedmont,155,21,2
383,2020-07-28T00:00:00.000,51700,Newport News,Peninsula,1489,71,15
384,2020-07-28T00:00:00.000,51710,Norfolk,Norfolk,2814,162,20
385,2020-07-28T00:00:00.000,51720,Norton,Lenowisco,10,2,0
386,2020-07-28T00:00:00.000,51730,Petersburg,Crater,408,60,10
387,2020-07-28T00:00:00.000,51735,Poquoson,Peninsula,34,2,0
388,2020-07-28T00:00:00.000,51740,Portsmouth,Portsmouth,1367,111,21
389,2020-07-28T00:00:00.000,51750,Radford,New River,26,2,0
390,2020-07-28T00:00:00.000,51760,Richmond City,Richmond,2794,266,37
391,2020-07-28T00:00:00.000,51770,Roanoke City,Roanoke,739,16,10
392,2020-07-28T00:00:00.000,51775,Salem,Alleghany,128,5,3
393,2020-07-28T00:00:00.000,51790,Staunton,Central Shenandoah,137,10,0
394,2020-07-28T00:00:00.000,51800,Suffolk,Western Tidewater,974,90,46
395,2020-07-28T00:00:00.000,51810,Virginia Beach,Virginia Beach,3788,191,43
396,2020-07-28T00:00:00.000,51820,Waynesboro,Central Shenandoah,164,8,2
397,2020-07-28T00:00:00.000,51830,Williamsburg,Peninsula,105,12,6
398,2020-07-28T00:00:00.000,51840,Winchester,Lord Fairfax,390,28,4
399,2020-07-27T00:00:00.000,51001,Accomack,Eastern Shore,1065,76,15
400,2020-07-27T00:00:00.000,51003,Albemarle,Thomas Jefferson,718,51,10
401,2020-07-27T00:00:00.000,51005,Alleghany,Alleghany,57,5,2
402,2020-07-27T00:00:00.000,51007,Amelia,Piedmont,66,13,1
403,2020-07-27T00:00:00.000,51009,Amherst,Central Virginia,88,3,0
404,2020-07-27T00:00:00.000,51011,Appomattox,Central Virginia,61,2,0
405,2020-07-27T00:00:00.000,51013,Arlington,Arlington,2823,431,135
406,2020-07-27T00:00:00.000,51015,Augusta,Central Shenandoah,243,8,3
407,2020-07-27T00:00:00.000,51017,Bath,Central Shenandoah,3,0,0
408,2020-07-27T00:00:00.000,51019,Bedford,Central Virginia,236,5,4
409,2020-07-27T00:00:00.000,51021,Bland,Mount Rogers,7,0,0
410,2020-07-27T00:00:00.000,51023,Botetourt,Alleghany,179,13,4
411,2020-07-27T00:00:00.000,51025,Brunswick,Southside,179,23,1
412,2020-07-27T00:00:00.000,51027,Buchanan,Cumberland Plateau,64,2,0
413,2020-07-27T00:00:00.000,51029,Buckingham,Piedmont,592,23,6
414,2020-07-27T00:00:00.000,51031,Campbell,Central Virginia,117,3,1
415,2020-07-27T00:00:00.000,51033,Caroline,Rappahannock,171,22,4
416,2020-07-27T00:00:00.000,51035,Carroll,Mount Rogers,299,27,10
417,2020-07-27T00:00:00.000,51036,Charles City,Chickahominy,45,15,3
418,2020-07-27T00:00:00.000,51037,Charlotte,Piedmont,46,5,0
419,2020-07-27T00:00:00.000,51041,Chesterfield,Chesterfield,3766,204,66
420,2020-07-27T00:00:00.000,51043,Clarke,Lord Fairfax,64,7,0
421,2020-07-27T00:00:00.000,51045,Craig,Alleghany,14,1,0
422,2020-07-27T00:00:00.000,51047,Culpeper,Rappahannock Rapidan,926,72,12
423,2020-07-27T00:00:00.000,51049,Cumberland,Piedmont,60,4,0
424,2020-07-27T00:00:00.000,51051,Dickenson,Cumberland Plateau,16,1,0
425,2020-07-27T00:00:00.000,51053,Dinwiddie,Crater,187,30,2
426,2020-07-27T00:00:00.000,51057,Essex,Three Rivers,73,7,1
427,2020-07-27T00:00:00.000,51059,Fairfax,Fairfax,15455,1855,517
428,2020-07-27T00:00:00.000,51061,Fauquier,Rappahannock Rapidan,567,34,8
429,2020-07-27T00:00:00.000,51063,Floyd,New River,29,2,1
430,2020-07-27T00:00:00.000,51065,Fluvanna,Thomas Jefferson,165,30,8
431,2020-07-27T00:00:00.000,51067,Franklin County,West Piedmont,141,8,1
432,2020-07-27T00:00:00.000,51069,Frederick,Lord Fairfax,639,47,7
433,2020-07-27T00:00:00.000,51071,Giles,New River,20,1,0
434,2020-07-27T00:00:00.000,51073,Gloucester,Three Rivers,132,12,1
435,2020-07-27T00:00:00.000,51075,Goochland,Chickahominy,147,24,6
436,2020-07-27T00:00:00.000,51077,Grayson,Mount Rogers,120,7,4
437,2020-07-27T00:00:00.000,51079,Greene,Thomas Jefferson,134,8,2
438,2020-07-27T00:00:00.000,51081,Greensville,Crater,406,25,9
439,2020-07-27T00:00:00.000,51083,Halifax,Southside,123,5,1
440,2020-07-27T00:00:00.000,51085,Hanover,Chickahominy,575,74,30
441,2020-07-27T00:00:00.000,51087,Henrico,Henrico,3371,303,178
442,2020-07-27T00:00:00.000,51089,Henry,West Piedmont,434,46,5
443,2020-07-27T00:00:00.000,51091,Highland,Central Shenandoah,3,0,0
444,2020-07-27T00:00:00.000,51093,Isle of Wight,Western Tidewater,315,20,9
445,2020-07-27T00:00:00.000,51095,James City,Peninsula,510,59,16
446,2020-07-27T00:00:00.000,51097,King and Queen,Three Rivers,34,4,1
447,2020-07-27T00:00:00.000,51099,King George,Rappahannock,118,16,4
448,2020-07-27T00:00:00.000,51101,King William,Three Rivers,73,7,2
449,2020-07-27T00:00:00.000,51103,Lancaster,Three Rivers,28,1,0
450,2020-07-27T00:00:00.000,51105,Lee,Lenowisco,78,7,0
451,2020-07-27T00:00:00.000,51107,Loudoun,Loudoun,4914,327,106
452,2020-07-27T00:00:00.000,51109,Louisa,Thomas Jefferson,165,22,2
453,2020-07-27T00:00:00.000,51111,Lunenburg,Piedmont,46,4,0
454,2020-07-27T00:00:00.000,51113,Madison,Rappahannock Rapidan,56,5,1
455,2020-07-27T00:00:00.000,51115,Mathews,Three Rivers,11,2,0
456,2020-07-27T00:00:00.000,51117,Mecklenburg,Southside,295,34,30
457,2020-07-27T00:00:00.000,51119,Middlesex,Three Rivers,22,2,1
458,2020-07-27T00:00:00.000,51121,Montgomery,New River,257,14,3
459,2020-07-27T00:00:00.000,51125,Nelson,Thomas Jefferson,33,0,0
460,2020-07-27T00:00:00.000,51127,New Kent,Chickahominy,108,9,1
461,2020-07-27T00:00:00.000,51131,Northampton,Eastern Shore,297,45,28
462,2020-07-27T00:00:00.000,51133,Northumberland,Three Rivers,59,3,1
463,2020-07-27T00:00:00.000,51135,Nottoway,Piedmont,159,40,6
464,2020-07-27T00:00:00.000,51137,Orange,Rappahannock Rapidan,201,15,3
465,2020-07-27T00:00:00.000,51139,Page,Lord Fairfax,329,36,24
466,2020-07-27T00:00:00.000,51141,Patrick,West Piedmont,99,15,3
467,2020-07-27T00:00:00.000,51143,Pittsylvania,Pittsylvania-Danville,291,24,2
468,2020-07-27T00:00:00.000,51145,Powhatan,Chesterfield,112,9,4
469,2020-07-27T00:00:00.000,51147,Prince Edward,Piedmont,258,27,6
470,2020-07-27T00:00:00.000,51149,Prince George,Crater,319,14,2
471,2020-07-27T00:00:00.000,51153,Prince William,Prince William,8580,764,167
472,2020-07-27T00:00:00.000,51155,Pulaski,New River,71,9,2
473,2020-07-27T00:00:00.000,51157,Rappahannock,Rappahannock Rapidan,39,4,2
474,2020-07-27T00:00:00.000,51159,Richmond County,Three Rivers,316,13,4
475,2020-07-27T00:00:00.000,51161,Roanoke County,Alleghany,405,13,6
476,2020-07-27T00:00:00.000,51163,Rockbridge,Central Shenandoah,62,1,0
477,2020-07-27T00:00:00.000,51165,Rockingham,Central Shenandoah,860,91,16
478,2020-07-27T00:00:00.000,51167,Russell,Cumberland Plateau,50,8,1
479,2020-07-27T00:00:00.000,51169,Scott,Lenowisco,40,5,3
480,2020-07-27T00:00:00.000,51171,Shenandoah,Lord Fairfax,660,70,40
481,2020-07-27T00:00:00.000,51173,Smyth,Mount Rogers,91,6,2
482,2020-07-27T00:00:00.000,51175,Southampton,Western Tidewater,226,12,11
483,2020-07-27T00:00:00.000,51177,Spotsylvania,Rappahannock,1244,91,33
484,2020-07-27T00:00:00.000,51179,Stafford,Rappahannock,1202,115,7
485,2020-07-27T00:00:00.000,51181,Surry,Crater,35,4,1
486,2020-07-27T00:00:00.000,51183,Sussex,Crater,264,21,7
487,2020-07-27T00:00:00.000,51185,Tazewell,Cumberland Plateau,68,2,0
488,2020-07-27T00:00:00.000,51187,Warren,Lord Fairfax,345,22,7
489,2020-07-27T00:00:00.000,51191,Washington,Mount Rogers,146,16,4
490,2020-07-27T00:00:00.000,51193,Westmoreland,Three Rivers,191,15,2
491,2020-07-27T00:00:00.000,51195,Wise,Lenowisco,70,14,3
492,2020-07-27T00:00:00.000,51197,Wythe,Mount Rogers,93,10,3
493,2020-07-27T00:00:00.000,51199,York,Peninsula,282,14,3
494,2020-07-27T00:00:00.000,51510,Alexandria,Alexandria,2735,266,57
495,2020-07-27T00:00:00.000,51520,Bristol,Mount Rogers,41,2,0
496,2020-07-27T00:00:00.000,51530,Buena Vista City,Central Shenandoah,45,2,0
497,2020-07-27T00:00:00.000,51540,Charlottesville,Thomas Jefferson,433,22,8
498,2020-07-27T00:00:00.000,51550,Chesapeake,Chesapeake,2246,191,25
499,2020-07-27T00:00:00.000,51570,Colonial Heights,Chesterfield,173,23,20
500,2020-07-27T00:00:00.000,51580,Covington,Alleghany,10,0,0
501,2020-07-27T00:00:00.000,51590,Danville,Pittsylvania-Danville,269,33,3
502,2020-07-27T00:00:00.000,51595,Emporia,Crater,161,24,15
503,2020-07-27T00:00:00.000,51600,Fairfax City,Fairfax,76,10,7
504,2020-07-27T00:00:00.000,51610,Falls Church,Fairfax,55,10,6
505,2020-07-27T00:00:00.000,51620,Franklin City,Western Tidewater,109,7,4
506,2020-07-27T00:00:00.000,51630,Fredericksburg,Rappahannock,329,38,2
507,2020-07-27T00:00:00.000,51640,Galax,Mount Rogers,326,36,16
508,2020-07-27T00:00:00.000,51650,Hampton,Hampton,916,48,4
509,2020-07-27T00:00:00.000,51660,Harrisonburg,Central Shenandoah,1028,79,29
510,2020-07-27T00:00:00.000,51670,Hopewell,Crater,248,22,5
511,2020-07-27T00:00:00.000,51678,Lexington,Central Shenandoah,28,1,0
512,2020-07-27T00:00:00.000,51680,Lynchburg,Central Virginia,354,6,1
513,2020-07-27T00:00:00.000,51683,Manassas City,Prince William,1575,118,20
514,2020-07-27T00:00:00.000,51685,Manassas Park,Prince William,486,49,7
515,2020-07-27T00:00:00.000,51690,Martinsville,West Piedmont,149,21,2
516,2020-07-27T00:00:00.000,51700,Newport News,Peninsula,1474,71,15
517,2020-07-27T00:00:00.000,51710,Norfolk,Norfolk,2779,158,20
518,2020-07-27T00:00:00.000,51720,Norton,Lenowisco,10,2,0
519,2020-07-27T00:00:00.000,51730,Petersburg,Crater,404,58,9
520,2020-07-27T00:00:00.000,51735,Poquoson,Peninsula,33,2,0
521,2020-07-27T00:00:00.000,51740,Portsmouth,Portsmouth,1291,109,21
522,2020-07-27T00:00:00.000,51750,Radford,New River,25,2,0
523,2020-07-27T00:00:00.000,51760,Richmond City,Richmond,2762,266,36
524,2020-07-27T00:00:00.000,51770,Roanoke City,Roanoke,737,16,10
525,2020-07-27T00:00:00.000,51775,Salem,Alleghany,128,5,3
526,2020-07-27T00:00:00.000,51790,Staunton,Central Shenandoah,135,9,0
527,2020-07-27T00:00:00.000,51800,Suffolk,Western Tidewater,948,90,45
528,2020-07-27T00:00:00.000,51810,Virginia Beach,Virginia Beach,3742,188,43
529,2020-07-27T00:00:00.000,51820,Waynesboro,Central Shenandoah,164,8,2
530,2020-07-27T00:00:00.000,51830,Williamsburg,Peninsula,105,12,6
531,2020-07-27T00:00:00.000,51840,Winchester,Lord Fairfax,390,28,4
532,2020-07-26T00:00:00.000,51001,Accomack,Eastern Shore,1063,76,15
533,2020-07-26T00:00:00.000,51003,Albemarle,Thomas Jefferson,705,50,10
534,2020-07-26T00:00:00.000,51005,Alleghany,Alleghany,57,5,2
535,2020-07-26T00:00:00.000,51007,Amelia,Piedmont,66,13,1
536,2020-07-26T00:00:00.000,51009,Amherst,Central Virginia,81,3,0
537,2020-07-26T00:00:00.000,51011,Appomattox,Central Virginia,59,2,0
538,2020-07-26T00:00:00.000,51013,Arlington,Arlington,2807,431,135
539,2020-07-26T00:00:00.000,51015,Augusta,Central Shenandoah,239,8,3
540,2020-07-26T00:00:00.000,51017,Bath,Central Shenandoah,3,0,0
541,2020-07-26T00:00:00.000,51019,Bedford,Central Virginia,232,5,4
542,2020-07-26T00:00:00.000,51021,Bland,Mount Rogers,7,0,0
543,2020-07-26T00:00:00.000,51023,Botetourt,Alleghany,177,13,4
544,2020-07-26T00:00:00.000,51025,Brunswick,Southside,174,23,1
545,2020-07-26T00:00:00.000,51027,Buchanan,Cumberland Plateau,64,2,0
546,2020-07-26T00:00:00.000,51029,Buckingham,Piedmont,592,23,6
547,2020-07-26T00:00:00.000,51031,Campbell,Central Virginia,102,3,1
548,2020-07-26T00:00:00.000,51033,Caroline,Rappahannock,170,22,4
549,2020-07-26T00:00:00.000,51035,Carroll,Mount Rogers,299,27,10
550,2020-07-26T00:00:00.000,51036,Charles City,Chickahominy,45,15,3
551,2020-07-26T00:00:00.000,51037,Charlotte,Piedmont,46,5,0
552,2020-07-26T00:00:00.000,51041,Chesterfield,Chesterfield,3730,203,66
553,2020-07-26T00:00:00.000,51043,Clarke,Lord Fairfax,63,7,0
554,2020-07-26T00:00:00.000,51045,Craig,Alleghany,12,1,0
555,2020-07-26T00:00:00.000,51047,Culpeper,Rappahannock Rapidan,919,72,12
556,2020-07-26T00:00:00.000,51049,Cumberland,Piedmont,60,4,0
557,2020-07-26T00:00:00.000,51051,Dickenson,Cumberland Plateau,13,1,0
558,2020-07-26T00:00:00.000,51053,Dinwiddie,Crater,179,30,2
559,2020-07-26T00:00:00.000,51057,Essex,Three Rivers,73,7,1
560,2020-07-26T00:00:00.000,51059,Fairfax,Fairfax,15304,1851,515
561,2020-07-26T00:00:00.000,51061,Fauquier,Rappahannock Rapidan,559,34,8
562,2020-07-26T00:00:00.000,51063,Floyd,New River,27,2,1
563,2020-07-26T00:00:00.000,51065,Fluvanna,Thomas Jefferson,160,29,8
564,2020-07-26T00:00:00.000,51067,Franklin County,West Piedmont,141,8,1
565,2020-07-26T00:00:00.000,51069,Frederick,Lord Fairfax,638,47,7
566,2020-07-26T00:00:00.000,51071,Giles,New River,20,1,0
567,2020-07-26T00:00:00.000,51073,Gloucester,Three Rivers,127,12,1
568,2020-07-26T00:00:00.000,51075,Goochland,Chickahominy,145,24,6
569,2020-07-26T00:00:00.000,51077,Grayson,Mount Rogers,117,7,4
570,2020-07-26T00:00:00.000,51079,Greene,Thomas Jefferson,123,7,2
571,2020-07-26T00:00:00.000,51081,Greensville,Crater,403,25,9
572,2020-07-26T00:00:00.000,51083,Halifax,Southside,123,5,1
573,2020-07-26T00:00:00.000,51085,Hanover,Chickahominy,563,74,30
574,2020-07-26T00:00:00.000,51087,Henrico,Henrico,3290,301,178
575,2020-07-26T00:00:00.000,51089,Henry,West Piedmont,434,46,5
576,2020-07-26T00:00:00.000,51091,Highland,Central Shenandoah,3,0,0
577,2020-07-26T00:00:00.000,51093,Isle of Wight,Western Tidewater,305,19,9
578,2020-07-26T00:00:00.000,51095,James City,Peninsula,497,59,16
579,2020-07-26T00:00:00.000,51097,King and Queen,Three Rivers,34,4,1
580,2020-07-26T00:00:00.000,51099,King George,Rappahannock,116,15,4
581,2020-07-26T00:00:00.000,51101,King William,Three Rivers,71,7,2
582,2020-07-26T00:00:00.000,51103,Lancaster,Three Rivers,26,1,0
583,2020-07-26T00:00:00.000,51105,Lee,Lenowisco,74,6,0
584,2020-07-26T00:00:00.000,51107,Loudoun,Loudoun,4820,325,106
585,2020-07-26T00:00:00.000,51109,Louisa,Thomas Jefferson,160,21,2
586,2020-07-26T00:00:00.000,51111,Lunenburg,Piedmont,46,4,0
587,2020-07-26T00:00:00.000,51113,Madison,Rappahannock Rapidan,53,5,1
588,2020-07-26T00:00:00.000,51115,Mathews,Three Rivers,11,2,0
589,2020-07-26T00:00:00.000,51117,Mecklenburg,Southside,294,34,30
590,2020-07-26T00:00:00.000,51119,Middlesex,Three Rivers,22,2,1
591,2020-07-26T00:00:00.000,51121,Montgomery,New River,242,14,3
592,2020-07-26T00:00:00.000,51125,Nelson,Thomas Jefferson,32,0,0
593,2020-07-26T00:00:00.000,51127,New Kent,Chickahominy,106,9,1
594,2020-07-26T00:00:00.000,51131,Northampton,Eastern Shore,293,45,28
595,2020-07-26T00:00:00.000,51133,Northumberland,Three Rivers,59,3,1
596,2020-07-26T00:00:00.000,51135,Nottoway,Piedmont,159,40,6
597,2020-07-26T00:00:00.000,51137,Orange,Rappahannock Rapidan,194,15,3
598,2020-07-26T00:00:00.000,51139,Page,Lord Fairfax,328,36,24
599,2020-07-26T00:00:00.000,51141,Patrick,West Piedmont,99,15,3
600,2020-07-26T00:00:00.000,51143,Pittsylvania,Pittsylvania-Danville,270,24,2
601,2020-07-26T00:00:00.000,51145,Powhatan,Chesterfield,111,8,3
602,2020-07-26T00:00:00.000,51147,Prince Edward,Piedmont,258,27,6
603,2020-07-26T00:00:00.000,51149,Prince George,Crater,318,14,2
604,2020-07-26T00:00:00.000,51153,Prince William,Prince William,8458,763,167
605,2020-07-26T00:00:00.000,51155,Pulaski,New River,67,8,2
606,2020-07-26T00:00:00.000,51157,Rappahannock,Rappahannock Rapidan,39,4,1
607,2020-07-26T00:00:00.000,51159,Richmond County,Three Rivers,322,14,4
608,2020-07-26T00:00:00.000,51161,Roanoke County,Alleghany,398,13,6
609,2020-07-26T00:00:00.000,51163,Rockbridge,Central Shenandoah,62,1,0
610,2020-07-26T00:00:00.000,51165,Rockingham,Central Shenandoah,852,91,16
611,2020-07-26T00:00:00.000,51167,Russell,Cumberland Plateau,46,7,1
612,2020-07-26T00:00:00.000,51169,Scott,Lenowisco,37,5,3
613,2020-07-26T00:00:00.000,51171,Shenandoah,Lord Fairfax,659,69,40
614,2020-07-26T00:00:00.000,51173,Smyth,Mount Rogers,90,6,2
615,2020-07-26T00:00:00.000,51175,Southampton,Western Tidewater,224,11,11
616,2020-07-26T00:00:00.000,51177,Spotsylvania,Rappahannock,1225,89,32
617,2020-07-26T00:00:00.000,51179,Stafford,Rappahannock,1185,111,7
618,2020-07-26T00:00:00.000,51181,Surry,Crater,35,4,1
619,2020-07-26T00:00:00.000,51183,Sussex,Crater,259,21,7
620,2020-07-26T00:00:00.000,51185,Tazewell,Cumberland Plateau,67,2,0
621,2020-07-26T00:00:00.000,51187,Warren,Lord Fairfax,342,22,7
622,2020-07-26T00:00:00.000,51191,Washington,Mount Rogers,142,16,4
623,2020-07-26T00:00:00.000,51193,Westmoreland,Three Rivers,190,15,2
624,2020-07-26T00:00:00.000,51195,Wise,Lenowisco,62,13,3
625,2020-07-26T00:00:00.000,51197,Wythe,Mount Rogers,93,10,3
626,2020-07-26T00:00:00.000,51199,York,Peninsula,279,14,3
627,2020-07-26T00:00:00.000,51510,Alexandria,Alexandria,2695,265,57
628,2020-07-26T00:00:00.000,51520,Bristol,Mount Rogers,40,2,0
629,2020-07-26T00:00:00.000,51530,Buena Vista City,Central Shenandoah,42,2,0
630,2020-07-26T00:00:00.000,51540,Charlottesville,Thomas Jefferson,420,22,8
631,2020-07-26T00:00:00.000,51550,Chesapeake,Chesapeake,2151,183,25
632,2020-07-26T00:00:00.000,51570,Colonial Heights,Chesterfield,172,23,20
633,2020-07-26T00:00:00.000,51580,Covington,Alleghany,9,0,0
634,2020-07-26T00:00:00.000,51590,Danville,Pittsylvania-Danville,247,33,3
635,2020-07-26T00:00:00.000,51595,Emporia,Crater,157,24,15
636,2020-07-26T00:00:00.000,51600,Fairfax City,Fairfax,74,10,7
637,2020-07-26T00:00:00.000,51610,Falls Church,Fairfax,55,10,6
638,2020-07-26T00:00:00.000,51620,Franklin City,Western Tidewater,107,7,4
639,2020-07-26T00:00:00.000,51630,Fredericksburg,Rappahannock,320,37,3
640,2020-07-26T00:00:00.000,51640,Galax,Mount Rogers,322,36,16
641,2020-07-26T00:00:00.000,51650,Hampton,Hampton,873,48,4
642,2020-07-26T00:00:00.000,51660,Harrisonburg,Central Shenandoah,1024,79,29
643,2020-07-26T00:00:00.000,51670,Hopewell,Crater,242,22,5
644,2020-07-26T00:00:00.000,51678,Lexington,Central Shenandoah,28,1,0
645,2020-07-26T00:00:00.000,51680,Lynchburg,Central Virginia,323,6,1
646,2020-07-26T00:00:00.000,51683,Manassas City,Prince William,1567,118,20
647,2020-07-26T00:00:00.000,51685,Manassas Park,Prince William,483,49,7
648,2020-07-26T00:00:00.000,51690,Martinsville,West Piedmont,149,21,2
649,2020-07-26T00:00:00.000,51700,Newport News,Peninsula,1424,71,15
650,2020-07-26T00:00:00.000,51710,Norfolk,Norfolk,2771,157,20
651,2020-07-26T00:00:00.000,51720,Norton,Lenowisco,9,2,0
652,2020-07-26T00:00:00.000,51730,Petersburg,Crater,391,57,9
653,2020-07-26T00:00:00.000,51735,Poquoson,Peninsula,32,2,0
654,2020-07-26T00:00:00.000,51740,Portsmouth,Portsmouth,1267,109,21
655,2020-07-26T00:00:00.000,51750,Radford,New River,23,1,0
656,2020-07-26T00:00:00.000,51760,Richmond City,Richmond,2712,265,36
657,2020-07-26T00:00:00.000,51770,Roanoke City,Roanoke,724,16,10
658,2020-07-26T00:00:00.000,51775,Salem,Alleghany,122,5,3
659,2020-07-26T00:00:00.000,51790,Staunton,Central Shenandoah,133,9,0
660,2020-07-26T00:00:00.000,51800,Suffolk,Western Tidewater,914,83,45
661,2020-07-26T00:00:00.000,51810,Virginia Beach,Virginia Beach,3548,183,43
662,2020-07-26T00:00:00.000,51820,Waynesboro,Central Shenandoah,163,8,2
663,2020-07-26T00:00:00.000,51830,Williamsburg,Peninsula,102,12,6
664,2020-07-26T00:00:00.000,51840,Winchester,Lord Fairfax,387,28,4
665,2020-07-25T00:00:00.000,51001,Accomack,Eastern Shore,1060,76,15
666,2020-07-25T00:00:00.000,51003,Albemarle,Thomas Jefferson,695,50,10
667,2020-07-25T00:00:00.000,51005,Alleghany,Alleghany,56,5,2
668,2020-07-25T00:00:00.000,51007,Amelia,Piedmont,65,13,1
669,2020-07-25T00:00:00.000,51009,Amherst,Central Virginia,76,3,0
670,2020-07-25T00:00:00.000,51011,Appomattox,Central Virginia,56,2,0
671,2020-07-25T00:00:00.000,51013,Arlington,Arlington,2801,431,135
672,2020-07-25T00:00:00.000,51015,Augusta,Central Shenandoah,238,8,3
673,2020-07-25T00:00:00.000,51017,Bath,Central Shenandoah,3,0,0
674,2020-07-25T00:00:00.000,51019,Bedford,Central Virginia,224,5,4
675,2020-07-25T00:00:00.000,51021,Bland,Mount Rogers,7,0,0
676,2020-07-25T00:00:00.000,51023,Botetourt,Alleghany,172,13,4
677,2020-07-25T00:00:00.000,51025,Brunswick,Southside,172,23,1
678,2020-07-25T00:00:00.000,51027,Buchanan,Cumberland Plateau,62,2,0
679,2020-07-25T00:00:00.000,51029,Buckingham,Piedmont,591,23,6
680,2020-07-25T00:00:00.000,51031,Campbell,Central Virginia,101,3,1
681,2020-07-25T00:00:00.000,51033,Caroline,Rappahannock,170,22,4
682,2020-07-25T00:00:00.000,51035,Carroll,Mount Rogers,295,27,10
683,2020-07-25T00:00:00.000,51036,Charles City,Chickahominy,45,15,3
684,2020-07-25T00:00:00.000,51037,Charlotte,Piedmont,46,5,0
685,2020-07-25T00:00:00.000,51041,Chesterfield,Chesterfield,3702,202,66
686,2020-07-25T00:00:00.000,51043,Clarke,Lord Fairfax,63,7,0
687,2020-07-25T00:00:00.000,51045,Craig,Alleghany,11,1,0
688,2020-07-25T00:00:00.000,51047,Culpeper,Rappahannock Rapidan,916,72,12
689,2020-07-25T00:00:00.000,51049,Cumberland,Piedmont,60,4,0
690,2020-07-25T00:00:00.000,51051,Dickenson,Cumberland Plateau,12,0,0
691,2020-07-25T00:00:00.000,51053,Dinwiddie,Crater,175,30,2
692,2020-07-25T00:00:00.000,51057,Essex,Three Rivers,73,7,1
693,2020-07-25T00:00:00.000,51059,Fairfax,Fairfax,15265,1849,515
694,2020-07-25T00:00:00.000,51061,Fauquier,Rappahannock Rapidan,557,34,8
695,2020-07-25T00:00:00.000,51063,Floyd,New River,27,2,1
696,2020-07-25T00:00:00.000,51065,Fluvanna,Thomas Jefferson,157,29,8
697,2020-07-25T00:00:00.000,51067,Franklin County,West Piedmont,138,8,1
698,2020-07-25T00:00:00.000,51069,Frederick,Lord Fairfax,634,47,7
699,2020-07-25T00:00:00.000,51071,Giles,New River,18,1,0
700,2020-07-25T00:00:00.000,51073,Gloucester,Three Rivers,123,12,1
701,2020-07-25T00:00:00.000,51075,Goochland,Chickahominy,144,24,6
702,2020-07-25T00:00:00.000,51077,Grayson,Mount Rogers,113,6,4
703,2020-07-25T00:00:00.000,51079,Greene,Thomas Jefferson,119,7,2
704,2020-07-25T00:00:00.000,51081,Greensville,Crater,404,25,9
705,2020-07-25T00:00:00.000,51083,Halifax,Southside,118,5,1
706,2020-07-25T00:00:00.000,51085,Hanover,Chickahominy,557,73,30
707,2020-07-25T00:00:00.000,51087,Henrico,Henrico,3261,301,177
708,2020-07-25T00:00:00.000,51089,Henry,West Piedmont,429,45,5
709,2020-07-25T00:00:00.000,51091,Highland,Central Shenandoah,3,0,0
710,2020-07-25T00:00:00.000,51093,Isle of Wight,Western Tidewater,306,19,9
711,2020-07-25T00:00:00.000,51095,James City,Peninsula,490,59,16
712,2020-07-25T00:00:00.000,51097,King and Queen,Three Rivers,33,4,1
713,2020-07-25T00:00:00.000,51099,King George,Rappahannock,113,15,4
714,2020-07-25T00:00:00.000,51101,King William,Three Rivers,70,7,2
715,2020-07-25T00:00:00.000,51103,Lancaster,Three Rivers,26,1,0
716,2020-07-25T00:00:00.000,51105,Lee,Lenowisco,66,6,0
717,2020-07-25T00:00:00.000,51107,Loudoun,Loudoun,4796,325,106
718,2020-07-25T00:00:00.000,51109,Louisa,Thomas Jefferson,160,21,2
719,2020-07-25T00:00:00.000,51111,Lunenburg,Piedmont,46,4,0
720,2020-07-25T00:00:00.000,51113,Madison,Rappahannock Rapidan,53,5,1
721,2020-07-25T00:00:00.000,51115,Mathews,Three Rivers,11,2,0
722,2020-07-25T00:00:00.000,51117,Mecklenburg,Southside,293,34,30
723,2020-07-25T00:00:00.000,51119,Middlesex,Three Rivers,22,2,1
724,2020-07-25T00:00:00.000,51121,Montgomery,New River,239,14,3
725,2020-07-25T00:00:00.000,51125,Nelson,Thomas Jefferson,32,0,0
726,2020-07-25T00:00:00.000,51127,New Kent,Chickahominy,106,9,1
727,2020-07-25T00:00:00.000,51131,Northampton,Eastern Shore,293,45,28
728,2020-07-25T00:00:00.000,51133,Northumberland,Three Rivers,56,3,1
729,2020-07-25T00:00:00.000,51135,Nottoway,Piedmont,159,40,6
730,2020-07-25T00:00:00.000,51137,Orange,Rappahannock Rapidan,192,15,3
731,2020-07-25T00:00:00.000,51139,Page,Lord Fairfax,328,36,24
732,2020-07-25T00:00:00.000,51141,Patrick,West Piedmont,89,14,3
733,2020-07-25T00:00:00.000,51143,Pittsylvania,Pittsylvania-Danville,263,24,2
734,2020-07-25T00:00:00.000,51145,Powhatan,Chesterfield,111,8,3
735,2020-07-25T00:00:00.000,51147,Prince Edward,Piedmont,246,27,6
736,2020-07-25T00:00:00.000,51149,Prince George,Crater,304,14,2
737,2020-07-25T00:00:00.000,51153,Prince William,Prince William,8417,762,167
738,2020-07-25T00:00:00.000,51155,Pulaski,New River,63,8,2
739,2020-07-25T00:00:00.000,51157,Rappahannock,Rappahannock Rapidan,39,4,1
740,2020-07-25T00:00:00.000,51159,Richmond County,Three Rivers,320,14,4
741,2020-07-25T00:00:00.000,51161,Roanoke County,Alleghany,390,13,6
742,2020-07-25T00:00:00.000,51163,Rockbridge,Central Shenandoah,57,1,0
743,2020-07-25T00:00:00.000,51165,Rockingham,Central Shenandoah,850,91,16
744,2020-07-25T00:00:00.000,51167,Russell,Cumberland Plateau,39,7,1
745,2020-07-25T00:00:00.000,51169,Scott,Lenowisco,34,5,3
746,2020-07-25T00:00:00.000,51171,Shenandoah,Lord Fairfax,657,69,40
747,2020-07-25T00:00:00.000,51173,Smyth,Mount Rogers,88,6,2
748,2020-07-25T00:00:00.000,51175,Southampton,Western Tidewater,219,11,11
749,2020-07-25T00:00:00.000,51177,Spotsylvania,Rappahannock,1212,89,32
750,2020-07-25T00:00:00.000,51179,Stafford,Rappahannock,1176,111,7
751,2020-07-25T00:00:00.000,51181,Surry,Crater,35,4,1
752,2020-07-25T00:00:00.000,51183,Sussex,Crater,256,20,7
753,2020-07-25T00:00:00.000,51185,Tazewell,Cumberland Plateau,65,2,0
754,2020-07-25T00:00:00.000,51187,Warren,Lord Fairfax,341,22,7
755,2020-07-25T00:00:00.000,51191,Washington,Mount Rogers,136,16,4
756,2020-07-25T00:00:00.000,51193,Westmoreland,Three Rivers,188,14,2
757,2020-07-25T00:00:00.000,51195,Wise,Lenowisco,62,13,3
758,2020-07-25T00:00:00.000,51197,Wythe,Mount Rogers,88,9,3
759,2020-07-25T00:00:00.000,51199,York,Peninsula,270,14,3
760,2020-07-25T00:00:00.000,51510,Alexandria,Alexandria,2687,264,57
761,2020-07-25T00:00:00.000,51520,Bristol,Mount Rogers,39,2,0
762,2020-07-25T00:00:00.000,51530,Buena Vista City,Central Shenandoah,40,2,0
763,2020-07-25T00:00:00.000,51540,Charlottesville,Thomas Jefferson,412,22,8
764,2020-07-25T00:00:00.000,51550,Chesapeake,Chesapeake,2079,181,24
765,2020-07-25T00:00:00.000,51570,Colonial Heights,Chesterfield,171,23,20
766,2020-07-25T00:00:00.000,51580,Covington,Alleghany,8,0,0
767,2020-07-25T00:00:00.000,51590,Danville,Pittsylvania-Danville,241,33,3
768,2020-07-25T00:00:00.000,51595,Emporia,Crater,156,24,15
769,2020-07-25T00:00:00.000,51600,Fairfax City,Fairfax,74,10,7
770,2020-07-25T00:00:00.000,51610,Falls Church,Fairfax,55,10,6
771,2020-07-25T00:00:00.000,51620,Franklin City,Western Tidewater,103,7,4
772,2020-07-25T00:00:00.000,51630,Fredericksburg,Rappahannock,318,36,2
773,2020-07-25T00:00:00.000,51640,Galax,Mount Rogers,317,34,16
774,2020-07-25T00:00:00.000,51650,Hampton,Hampton,848,48,4
775,2020-07-25T00:00:00.000,51660,Harrisonburg,Central Shenandoah,1021,79,29
776,2020-07-25T00:00:00.000,51670,Hopewell,Crater,239,22,5
777,2020-07-25T00:00:00.000,51678,Lexington,Central Shenandoah,28,1,0
778,2020-07-25T00:00:00.000,51680,Lynchburg,Central Virginia,312,6,1
779,2020-07-25T00:00:00.000,51683,Manassas City,Prince William,1561,117,20
780,2020-07-25T00:00:00.000,51685,Manassas Park,Prince William,482,49,7
781,2020-07-25T00:00:00.000,51690,Martinsville,West Piedmont,149,21,2
782,2020-07-25T00:00:00.000,51700,Newport News,Peninsula,1385,71,15
783,2020-07-25T00:00:00.000,51710,Norfolk,Norfolk,2661,157,20
784,2020-07-25T00:00:00.000,51720,Norton,Lenowisco,9,2,0
785,2020-07-25T00:00:00.000,51730,Petersburg,Crater,390,57,9
786,2020-07-25T00:00:00.000,51735,Poquoson,Peninsula,32,2,0
787,2020-07-25T00:00:00.000,51740,Portsmouth,Portsmouth,1225,109,21
788,2020-07-25T00:00:00.000,51750,Radford,New River,22,1,0
789,2020-07-25T00:00:00.000,51760,Richmond City,Richmond,2695,265,36
790,2020-07-25T00:00:00.000,51770,Roanoke City,Roanoke,698,15,10
791,2020-07-25T00:00:00.000,51775,Salem,Alleghany,119,5,3
792,2020-07-25T00:00:00.000,51790,Staunton,Central Shenandoah,131,9,0
793,2020-07-25T00:00:00.000,51800,Suffolk,Western Tidewater,886,83,45
794,2020-07-25T00:00:00.000,51810,Virginia Beach,Virginia Beach,3448,180,43
795,2020-07-25T00:00:00.000,51820,Waynesboro,Central Shenandoah,163,8,2
796,2020-07-25T00:00:00.000,51830,Williamsburg,Peninsula,101,12,6
797,2020-07-25T00:00:00.000,51840,Winchester,Lord Fairfax,385,28,4
798,2020-07-24T00:00:00.000,51001,Accomack,Eastern Shore,1059,76,15
799,2020-07-24T00:00:00.000,51003,Albemarle,Thomas Jefferson,685,50,10
800,2020-07-24T00:00:00.000,51005,Alleghany,Alleghany,56,5,2
801,2020-07-24T00:00:00.000,51007,Amelia,Piedmont,61,13,1
802,2020-07-24T00:00:00.000,51009,Amherst,Central Virginia,71,3,0
803,2020-07-24T00:00:00.000,51011,Appomattox,Central Virginia,55,2,0
804,2020-07-24T00:00:00.000,51013,Arlington,Arlington,2783,431,135
805,2020-07-24T00:00:00.000,51015,Augusta,Central Shenandoah,236,8,3
806,2020-07-24T00:00:00.000,51017,Bath,Central Shenandoah,3,0,0
807,2020-07-24T00:00:00.000,51019,Bedford,Central Virginia,217,5,4
808,2020-07-24T00:00:00.000,51021,Bland,Mount Rogers,7,0,0
809,2020-07-24T00:00:00.000,51023,Botetourt,Alleghany,171,13,4
810,2020-07-24T00:00:00.000,51025,Brunswick,Southside,170,23,1
811,2020-07-24T00:00:00.000,51027,Buchanan,Cumberland Plateau,62,2,0
812,2020-07-24T00:00:00.000,51029,Buckingham,Piedmont,590,23,6
813,2020-07-24T00:00:00.000,51031,Campbell,Central Virginia,94,3,1
814,2020-07-24T00:00:00.000,51033,Caroline,Rappahannock,167,22,4
815,2020-07-24T00:00:00.000,51035,Carroll,Mount Rogers,290,26,10
816,2020-07-24T00:00:00.000,51036,Charles City,Chickahominy,45,15,3
817,2020-07-24T00:00:00.000,51037,Charlotte,Piedmont,45,5,0
818,2020-07-24T00:00:00.000,51041,Chesterfield,Chesterfield,3673,197,66
819,2020-07-24T00:00:00.000,51043,Clarke,Lord Fairfax,63,7,0
820,2020-07-24T00:00:00.000,51045,Craig,Alleghany,11,1,0
821,2020-07-24T00:00:00.000,51047,Culpeper,Rappahannock Rapidan,916,72,12
822,2020-07-24T00:00:00.000,51049,Cumberland,Piedmont,60,4,0
823,2020-07-24T00:00:00.000,51051,Dickenson,Cumberland Plateau,12,0,0
824,2020-07-24T00:00:00.000,51053,Dinwiddie,Crater,173,30,2
825,2020-07-24T00:00:00.000,51057,Essex,Three Rivers,73,5,0
826,2020-07-24T00:00:00.000,51059,Fairfax,Fairfax,15231,1837,513
827,2020-07-24T00:00:00.000,51061,Fauquier,Rappahannock Rapidan,552,34,8
828,2020-07-24T00:00:00.000,51063,Floyd,New River,26,2,1
829,2020-07-24T00:00:00.000,51065,Fluvanna,Thomas Jefferson,157,29,8
830,2020-07-24T00:00:00.000,51067,Franklin County,West Piedmont,137,8,1
831,2020-07-24T00:00:00.000,51069,Frederick,Lord Fairfax,626,46,7
832,2020-07-24T00:00:00.000,51071,Giles,New River,18,1,0
833,2020-07-24T00:00:00.000,51073,Gloucester,Three Rivers,118,12,1
834,2020-07-24T00:00:00.000,51075,Goochland,Chickahominy,144,24,6
835,2020-07-24T00:00:00.000,51077,Grayson,Mount Rogers,113,6,4
836,2020-07-24T00:00:00.000,51079,Greene,Thomas Jefferson,114,7,2
837,2020-07-24T00:00:00.000,51081,Greensville,Crater,398,24,9
838,2020-07-24T00:00:00.000,51083,Halifax,Southside,113,5,1
839,2020-07-24T00:00:00.000,51085,Hanover,Chickahominy,546,71,30
840,2020-07-24T00:00:00.000,51087,Henrico,Henrico,3190,300,177
841,2020-07-24T00:00:00.000,51089,Henry,West Piedmont,424,43,5
842,2020-07-24T00:00:00.000,51091,Highland,Central Shenandoah,3,0,0
843,2020-07-24T00:00:00.000,51093,Isle of Wight,Western Tidewater,300,19,9
844,2020-07-24T00:00:00.000,51095,James City,Peninsula,484,59,16
845,2020-07-24T00:00:00.000,51097,King and Queen,Three Rivers,33,4,1
846,2020-07-24T00:00:00.000,51099,King George,Rappahannock,112,15,4
847,2020-07-24T00:00:00.000,51101,King William,Three Rivers,69,7,2
848,2020-07-24T00:00:00.000,51103,Lancaster,Three Rivers,24,1,0
849,2020-07-24T00:00:00.000,51105,Lee,Lenowisco,61,4,0
850,2020-07-24T00:00:00.000,51107,Loudoun,Loudoun,4769,326,106
851,2020-07-24T00:00:00.000,51109,Louisa,Thomas Jefferson,158,21,2
852,2020-07-24T00:00:00.000,51111,Lunenburg,Piedmont,45,4,0
853,2020-07-24T00:00:00.000,51113,Madison,Rappahannock Rapidan,51,5,1
854,2020-07-24T00:00:00.000,51115,Mathews,Three Rivers,11,2,0
855,2020-07-24T00:00:00.000,51117,Mecklenburg,Southside,288,34,30
856,2020-07-24T00:00:00.000,51119,Middlesex,Three Rivers,20,2,1
857,2020-07-24T00:00:00.000,51121,Montgomery,New River,234,13,3
858,2020-07-24T00:00:00.000,51125,Nelson,Thomas Jefferson,32,0,0
859,2020-07-24T00:00:00.000,51127,New Kent,Chickahominy,103,8,1
860,2020-07-24T00:00:00.000,51131,Northampton,Eastern Shore,292,45,28
861,2020-07-24T00:00:00.000,51133,Northumberland,Three Rivers,56,3,1
862,2020-07-24T00:00:00.000,51135,Nottoway,Piedmont,157,40,6
863,2020-07-24T00:00:00.000,51137,Orange,Rappahannock Rapidan,191,15,3
864,2020-07-24T00:00:00.000,51139,Page,Lord Fairfax,326,35,24
865,2020-07-24T00:00:00.000,51141,Patrick,West Piedmont,85,14,3
866,2020-07-24T00:00:00.000,51143,Pittsylvania,Pittsylvania-Danville,254,24,2
867,2020-07-24T00:00:00.000,51145,Powhatan,Chesterfield,110,8,3
868,2020-07-24T00:00:00.000,51147,Prince Edward,Piedmont,242,27,6
869,2020-07-24T00:00:00.000,51149,Prince George,Crater,302,13,2
870,2020-07-24T00:00:00.000,51153,Prince William,Prince William,8370,762,167
871,2020-07-24T00:00:00.000,51155,Pulaski,New River,63,8,2
872,2020-07-24T00:00:00.000,51157,Rappahannock,Rappahannock Rapidan,39,4,1
873,2020-07-24T00:00:00.000,51159,Richmond County,Three Rivers,318,13,4
874,2020-07-24T00:00:00.000,51161,Roanoke County,Alleghany,390,13,6
875,2020-07-24T00:00:00.000,51163,Rockbridge,Central Shenandoah,54,1,0
876,2020-07-24T00:00:00.000,51165,Rockingham,Central Shenandoah,841,91,16
877,2020-07-24T00:00:00.000,51167,Russell,Cumberland Plateau,38,7,1
878,2020-07-24T00:00:00.000,51169,Scott,Lenowisco,33,4,3
879,2020-07-24T00:00:00.000,51171,Shenandoah,Lord Fairfax,658,70,40
880,2020-07-24T00:00:00.000,51173,Smyth,Mount Rogers,86,6,2
881,2020-07-24T00:00:00.000,51175,Southampton,Western Tidewater,217,11,11
882,2020-07-24T00:00:00.000,51177,Spotsylvania,Rappahannock,1213,87,33
883,2020-07-24T00:00:00.000,51179,Stafford,Rappahannock,1169,111,7
884,2020-07-24T00:00:00.000,51181,Surry,Crater,35,4,1
885,2020-07-24T00:00:00.000,51183,Sussex,Crater,253,20,7
886,2020-07-24T00:00:00.000,51185,Tazewell,Cumberland Plateau,57,1,0
887,2020-07-24T00:00:00.000,51187,Warren,Lord Fairfax,339,22,7
888,2020-07-24T00:00:00.000,51191,Washington,Mount Rogers,131,16,4
889,2020-07-24T00:00:00.000,51193,Westmoreland,Three Rivers,187,14,2
890,2020-07-24T00:00:00.000,51195,Wise,Lenowisco,61,13,3
891,2020-07-24T00:00:00.000,51197,Wythe,Mount Rogers,84,9,3
892,2020-07-24T00:00:00.000,51199,York,Peninsula,259,14,3
893,2020-07-24T00:00:00.000,51510,Alexandria,Alexandria,2662,262,56
894,2020-07-24T00:00:00.000,51520,Bristol,Mount Rogers,34,2,0
895,2020-07-24T00:00:00.000,51530,Buena Vista City,Central Shenandoah,36,2,0
896,2020-07-24T00:00:00.000,51540,Charlottesville,Thomas Jefferson,405,22,8
897,2020-07-24T00:00:00.000,51550,Chesapeake,Chesapeake,1953,180,24
898,2020-07-24T00:00:00.000,51570,Colonial Heights,Chesterfield,171,22,20
899,2020-07-24T00:00:00.000,51580,Covington,Alleghany,8,0,0
900,2020-07-24T00:00:00.000,51590,Danville,Pittsylvania-Danville,233,33,3
901,2020-07-24T00:00:00.000,51595,Emporia,Crater,156,24,15
902,2020-07-24T00:00:00.000,51600,Fairfax City,Fairfax,73,10,7
903,2020-07-24T00:00:00.000,51610,Falls Church,Fairfax,55,10,6
904,2020-07-24T00:00:00.000,51620,Franklin City,Western Tidewater,98,7,4
905,2020-07-24T00:00:00.000,51630,Fredericksburg,Rappahannock,312,31,1
906,2020-07-24T00:00:00.000,51640,Galax,Mount Rogers,312,34,16
907,2020-07-24T00:00:00.000,51650,Hampton,Hampton,822,48,4
908,2020-07-24T00:00:00.000,51660,Harrisonburg,Central Shenandoah,1018,79,29
909,2020-07-24T00:00:00.000,51670,Hopewell,Crater,239,22,5
910,2020-07-24T00:00:00.000,51678,Lexington,Central Shenandoah,26,1,0
911,2020-07-24T00:00:00.000,51680,Lynchburg,Central Virginia,301,6,1
912,2020-07-24T00:00:00.000,51683,Manassas City,Prince William,1559,117,20
913,2020-07-24T00:00:00.000,51685,Manassas Park,Prince William,482,49,7
914,2020-07-24T00:00:00.000,51690,Martinsville,West Piedmont,149,21,1
915,2020-07-24T00:00:00.000,51700,Newport News,Peninsula,1356,69,14
916,2020-07-24T00:00:00.000,51710,Norfolk,Norfolk,2582,155,20
917,2020-07-24T00:00:00.000,51720,Norton,Lenowisco,9,2,0
918,2020-07-24T00:00:00.000,51730,Petersburg,Crater,385,57,9
919,2020-07-24T00:00:00.000,51735,Poquoson,Peninsula,32,2,0
920,2020-07-24T00:00:00.000,51740,Portsmouth,Portsmouth,1165,107,21
921,2020-07-24T00:00:00.000,51750,Radford,New River,22,1,0
922,2020-07-24T00:00:00.000,51760,Richmond City,Richmond,2686,265,36
923,2020-07-24T00:00:00.000,51770,Roanoke City,Roanoke,690,15,10
924,2020-07-24T00:00:00.000,51775,Salem,Alleghany,119,5,3
925,2020-07-24T00:00:00.000,51790,Staunton,Central Shenandoah,128,9,0
926,2020-07-24T00:00:00.000,51800,Suffolk,Western Tidewater,862,83,45
927,2020-07-24T00:00:00.000,51810,Virginia Beach,Virginia Beach,3119,177,41
928,2020-07-24T00:00:00.000,51820,Waynesboro,Central Shenandoah,160,8,2
929,2020-07-24T00:00:00.000,51830,Williamsburg,Peninsula,100,12,6
930,2020-07-24T00:00:00.000,51840,Winchester,Lord Fairfax,383,27,4
931,2020-07-23T00:00:00.000,51001,Accomack,Eastern Shore,1059,76,15
932,2020-07-23T00:00:00.000,51003,Albemarle,Thomas Jefferson,671,50,10
933,2020-07-23T00:00:00.000,51005,Alleghany,Alleghany,56,5,2
934,2020-07-23T00:00:00.000,51007,Amelia,Piedmont,61,13,1
935,2020-07-23T00:00:00.000,51009,Amherst,Central Virginia,67,3,0
936,2020-07-23T00:00:00.000,51011,Appomattox,Central Virginia,55,2,0
937,2020-07-23T00:00:00.000,51013,Arlington,Arlington,2776,431,135
938,2020-07-23T00:00:00.000,51015,Augusta,Central Shenandoah,233,8,2
939,2020-07-23T00:00:00.000,51017,Bath,Central Shenandoah,3,0,0
940,2020-07-23T00:00:00.000,51019,Bedford,Central Virginia,212,4,4
941,2020-07-23T00:00:00.000,51021,Bland,Mount Rogers,7,0,0
942,2020-07-23T00:00:00.000,51023,Botetourt,Alleghany,168,13,4
943,2020-07-23T00:00:00.000,51025,Brunswick,Southside,163,23,1
944,2020-07-23T00:00:00.000,51027,Buchanan,Cumberland Plateau,62,2,0
945,2020-07-23T00:00:00.000,51029,Buckingham,Piedmont,590,23,6
946,2020-07-23T00:00:00.000,51031,Campbell,Central Virginia,89,3,1
947,2020-07-23T00:00:00.000,51033,Caroline,Rappahannock,167,21,4
948,2020-07-23T00:00:00.000,51035,Carroll,Mount Rogers,284,25,10
949,2020-07-23T00:00:00.000,51036,Charles City,Chickahominy,45,15,3
950,2020-07-23T00:00:00.000,51037,Charlotte,Piedmont,43,5,0
951,2020-07-23T00:00:00.000,51041,Chesterfield,Chesterfield,3609,195,65
952,2020-07-23T00:00:00.000,51043,Clarke,Lord Fairfax,62,7,0
953,2020-07-23T00:00:00.000,51045,Craig,Alleghany,11,1,0
954,2020-07-23T00:00:00.000,51047,Culpeper,Rappahannock Rapidan,915,72,12
955,2020-07-23T00:00:00.000,51049,Cumberland,Piedmont,60,4,0
956,2020-07-23T00:00:00.000,51051,Dickenson,Cumberland Plateau,11,0,0
957,2020-07-23T00:00:00.000,51053,Dinwiddie,Crater,172,30,2
958,2020-07-23T00:00:00.000,51057,Essex,Three Rivers,72,5,0
959,2020-07-23T00:00:00.000,51059,Fairfax,Fairfax,15126,1797,511
960,2020-07-23T00:00:00.000,51061,Fauquier,Rappahannock Rapidan,551,33,8
961,2020-07-23T00:00:00.000,51063,Floyd,New River,26,2,1
962,2020-07-23T00:00:00.000,51065,Fluvanna,Thomas Jefferson,154,29,8
963,2020-07-23T00:00:00.000,51067,Franklin County,West Piedmont,132,8,1
964,2020-07-23T00:00:00.000,51069,Frederick,Lord Fairfax,614,46,7
965,2020-07-23T00:00:00.000,51071,Giles,New River,18,1,0
966,2020-07-23T00:00:00.000,51073,Gloucester,Three Rivers,115,12,1
967,2020-07-23T00:00:00.000,51075,Goochland,Chickahominy,143,24,6
968,2020-07-23T00:00:00.000,51077,Grayson,Mount Rogers,110,6,4
969,2020-07-23T00:00:00.000,51079,Greene,Thomas Jefferson,108,7,2
970,2020-07-23T00:00:00.000,51081,Greensville,Crater,394,23,9
971,2020-07-23T00:00:00.000,51083,Halifax,Southside,110,5,1
972,2020-07-23T00:00:00.000,51085,Hanover,Chickahominy,539,71,30
973,2020-07-23T00:00:00.000,51087,Henrico,Henrico,3139,300,177
974,2020-07-23T00:00:00.000,51089,Henry,West Piedmont,422,42,5
975,2020-07-23T00:00:00.000,51091,Highland,Central Shenandoah,3,0,0
976,2020-07-23T00:00:00.000,51093,Isle of Wight,Western Tidewater,294,19,9
977,2020-07-23T00:00:00.000,51095,James City,Peninsula,471,59,16
978,2020-07-23T00:00:00.000,51097,King and Queen,Three Rivers,32,4,1
979,2020-07-23T00:00:00.000,51099,King George,Rappahannock,111,15,4
980,2020-07-23T00:00:00.000,51101,King William,Three Rivers,67,7,2
981,2020-07-23T00:00:00.000,51103,Lancaster,Three Rivers,24,1,0
982,2020-07-23T00:00:00.000,51105,Lee,Lenowisco,58,4,0
983,2020-07-23T00:00:00.000,51107,Loudoun,Loudoun,4758,325,106
984,2020-07-23T00:00:00.000,51109,Louisa,Thomas Jefferson,157,21,2
985,2020-07-23T00:00:00.000,51111,Lunenburg,Piedmont,45,4,0
986,2020-07-23T00:00:00.000,51113,Madison,Rappahannock Rapidan,51,5,1
987,2020-07-23T00:00:00.000,51115,Mathews,Three Rivers,9,2,0
988,2020-07-23T00:00:00.000,51117,Mecklenburg,Southside,286,34,30
989,2020-07-23T00:00:00.000,51119,Middlesex,Three Rivers,21,2,1
990,2020-07-23T00:00:00.000,51121,Montgomery,New River,232,13,3
991,2020-07-23T00:00:00.000,51125,Nelson,Thomas Jefferson,30,0,0
992,2020-07-23T00:00:00.000,51127,New Kent,Chickahominy,99,8,1
993,2020-07-23T00:00:00.000,51131,Northampton,Eastern Shore,289,44,28
994,2020-07-23T00:00:00.000,51133,Northumberland,Three Rivers,55,3,1
995,2020-07-23T00:00:00.000,51135,Nottoway,Piedmont,157,40,6
996,2020-07-23T00:00:00.000,51137,Orange,Rappahannock Rapidan,188,15,3
997,2020-07-23T00:00:00.000,51139,Page,Lord Fairfax,326,35,24
998,2020-07-23T00:00:00.000,51141,Patrick,West Piedmont,67,14,3
999,2020-07-23T00:00:00.000,51143,Pittsylvania,Pittsylvania-Danville,253,24,2
